MSSubClass,LotArea,YearBuilt,TotalBsmtSF,KitchenAbvGr,TotRmsAbvGrd,GarageArea,SalePrice,MSZoning_FV,MSZoning_RH,MSZoning_RL,MSZoning_RM,LotConfig_CulDSac,Neighborhood_Crawfor,Neighborhood_Edwards,Neighborhood_NWAmes,Neighborhood_NoRidge,Neighborhood_NridgHt,Neighborhood_Sawyer,Neighborhood_StoneBr,Neighborhood_Veenker
60,8450,2003,856,1,8,548,208500,0,0,1,0,0,0,0,0,0,0,0,0,0
20,9600,1976,1262,1,6,460,181500,0,0,1,0,0,0,0,0,0,0,0,0,1
60,11250,2001,920,1,6,608,223500,0,0,1,0,0,0,0,0,0,0,0,0,0
70,9550,1915,756,1,7,642,140000,0,0,1,0,0,1,0,0,0,0,0,0,0
60,14260,2000,1145,1,9,836,250000,0,0,1,0,0,0,0,0,1,0,0,0,0
50,14115,1993,796,1,5,480,143000,0,0,1,0,0,0,0,0,0,0,0,0,0
20,10084,2004,1686,1,7,636,307000,0,0,1,0,0,0,0,0,0,0,0,0,0
60,10382,1973,1107,1,7,484,200000,0,0,1,0,0,0,0,1,0,0,0,0,0
50,6120,1931,952,2,8,468,129900,0,0,0,1,0,0,0,0,0,0,0,0,0
190,7420,1939,991,2,5,205,118000,0,0,1,0,0,0,0,0,0,0,0,0,0
20,11200,1965,1040,1,5,384,129500,0,0,1,0,0,0,0,0,0,0,1,0,0
60,11924,2005,1175,1,11,736,345000,0,0,1,0,0,0,0,0,0,1,0,0,0
20,12968,1962,912,1,4,352,144000,0,0,1,0,0,0,0,0,0,0,1,0,0
20,10652,2006,1494,1,7,840,279500,0,0,1,0,0,0,0,0,0,0,0,0,0
20,10920,1960,1253,1,5,352,157000,0,0,1,0,0,0,0,0,0,0,0,0,0
45,6120,1929,832,1,5,576,132000,0,0,0,1,0,0,0,0,0,0,0,0,0
20,11241,1970,1004,1,5,480,149000,0,0,1,0,1,0,0,0,0,0,0,0,0
90,10791,1967,0,2,6,516,90000,0,0,1,0,0,0,0,0,0,0,1,0,0
20,13695,2004,1114,1,6,576,159000,0,0,1,0,0,0,0,0,0,0,0,0,0
20,7560,1958,1029,1,6,294,139000,0,0,1,0,0,0,0,0,0,0,0,0,0
60,14215,2005,1158,1,9,853,325300,0,0,1,0,0,0,0,0,0,1,0,0,0
45,7449,1930,637,1,6,280,139400,0,0,0,1,0,0,0,0,0,0,0,0,0
20,9742,2002,1777,1,7,534,230000,0,0,1,0,0,0,0,0,0,0,0,0,0
120,4224,1976,1040,1,6,572,129900,0,0,0,1,0,0,0,0,0,0,0,0,0
20,8246,1968,1060,1,6,270,154000,0,0,1,0,0,0,0,0,0,0,1,0,0
20,14230,2007,1566,1,7,890,256300,0,0,1,0,0,0,0,0,0,1,0,0,0
20,7200,1951,900,1,5,576,134800,0,0,1,0,0,0,0,0,0,0,0,0,0
20,11478,2007,1704,1,7,772,306000,0,0,1,0,0,0,0,0,0,1,0,0,0
20,16321,1957,1484,1,6,319,207500,0,0,1,0,1,0,0,0,0,0,0,0,0
30,6324,1927,520,1,4,240,68500,0,0,0,1,0,0,0,0,0,0,0,0,0
70,8500,1920,649,1,6,250,40000,0,0,0,0,0,0,0,0,0,0,0,0,0
20,8544,1966,1228,1,6,271,149350,0,0,1,0,1,0,0,0,0,0,1,0,0
20,11049,2007,1234,1,7,484,179900,0,0,1,0,0,0,0,0,0,0,0,0,0
20,10552,1959,1398,1,6,447,165500,0,0,1,0,0,0,0,0,0,0,0,0,0
120,7313,2005,1561,1,6,556,277500,0,0,1,0,0,0,0,0,0,1,0,0,0
60,13418,2004,1117,1,9,691,309000,0,0,1,0,0,0,0,0,0,1,0,0,0
20,10859,1994,1097,1,6,672,145000,0,0,1,0,0,0,0,0,0,0,0,0,0
20,8532,1954,1297,1,5,498,153000,0,0,1,0,0,0,0,0,0,0,0,0,0
20,7922,1953,1057,1,5,246,109000,0,0,1,0,0,0,0,0,0,0,0,0,0
90,6040,1955,0,2,6,0,82000,0,0,1,0,0,0,1,0,0,0,0,0,0
20,8658,1965,1088,1,6,440,160000,0,0,1,0,0,0,0,0,0,0,0,0,0
20,16905,1959,1350,1,5,308,170000,0,0,1,0,0,0,0,0,0,0,0,0,0
85,9180,1983,840,1,5,504,144000,0,0,1,0,1,0,0,0,0,0,0,0,0
20,9200,1975,938,1,5,308,130250,0,0,1,0,1,0,0,0,0,0,0,0,0
20,7945,1959,1150,1,6,300,141000,0,0,1,0,0,0,0,0,0,0,0,0,0
120,7658,2005,1752,1,6,576,319900,0,0,1,0,0,0,0,0,0,1,0,0,0
50,12822,2003,1434,1,6,670,239686,0,0,1,0,1,0,0,0,0,0,0,0,0
20,11096,2006,1656,1,7,826,249700,1,0,0,0,0,0,0,0,0,0,0,0,0
190,4456,1920,736,3,8,0,113000,0,0,0,1,0,0,0,0,0,0,0,0,0
20,7742,1966,955,1,6,386,127000,0,0,1,0,0,0,0,0,0,0,1,0,0
60,13869,1997,794,1,6,388,177000,0,0,1,0,0,0,0,0,0,0,0,0,0
50,6240,1934,816,1,6,528,114500,0,0,0,1,0,0,0,0,0,0,0,0,0
90,8472,1963,816,1,5,516,110000,0,0,0,1,0,0,0,0,0,0,0,0,0
20,50271,1981,1842,1,5,894,385000,0,0,1,0,0,0,0,0,0,0,0,0,1
80,7134,1955,384,1,6,572,130000,0,0,1,0,0,0,0,0,0,0,0,0,0
20,10175,1964,1425,1,7,576,180500,0,0,1,0,0,0,0,0,0,0,0,0,0
160,2645,1999,970,1,7,480,172500,1,0,0,0,0,0,0,0,0,0,0,0,0
60,11645,2004,860,1,7,565,196500,0,0,1,0,0,0,0,0,0,0,0,0,0
60,13682,2006,1410,1,10,641,438780,0,0,1,0,1,0,0,0,0,0,0,1,0
20,7200,1972,780,1,4,352,124900,0,0,1,0,0,0,0,0,0,0,0,0,0
20,13072,2004,1158,1,5,576,158000,0,0,1,0,0,0,0,0,0,0,0,0,0
75,7200,1920,530,1,6,288,101000,0,0,0,1,0,0,0,0,0,0,0,0,0
120,6442,2006,1370,1,6,484,202500,0,0,1,0,0,0,0,0,0,1,0,0,0
70,10300,1921,576,1,9,480,140000,0,0,0,1,0,0,0,0,0,0,0,0,0
60,9375,1997,1057,1,8,645,219500,0,0,1,0,0,0,0,0,0,0,0,0,0
60,9591,2004,1143,1,9,852,317000,0,0,1,0,0,0,0,0,0,1,0,0,0
20,19900,1970,1947,1,7,576,180000,0,0,1,0,0,0,0,0,0,0,0,0,0
20,10665,2003,1453,1,7,558,226000,0,0,1,0,0,0,0,0,0,0,0,0,0
30,4608,1945,747,1,4,220,80000,0,0,0,1,0,0,0,0,0,0,0,0,0
50,15593,1953,1304,1,7,667,225000,0,0,1,0,0,0,0,0,0,0,0,0,0
20,13651,1973,2223,1,8,516,244000,0,0,1,0,0,0,0,0,0,0,0,0,0
20,7599,1982,845,1,4,360,129500,0,0,1,0,0,0,0,0,0,0,0,0,0
60,10141,1998,832,1,7,427,185000,0,0,1,0,0,0,0,0,0,0,0,0,0
20,10200,1954,1086,1,6,490,144900,0,0,1,0,0,0,0,0,0,0,0,0,0
50,5790,1915,840,2,8,379,107400,0,0,0,1,0,0,0,0,0,0,0,0,0
180,1596,1973,462,1,5,297,91000,0,0,0,1,0,0,0,0,0,0,0,0,0
20,8475,1956,952,1,4,283,135750,0,0,1,0,0,0,0,0,0,0,0,0,0
50,8635,1948,672,1,6,240,127000,0,0,0,1,0,0,0,0,0,0,0,0,0
90,10778,1968,1768,2,8,0,136500,0,0,1,0,0,0,0,0,0,0,1,0,0
50,10440,1910,440,1,5,440,110000,0,0,0,1,0,0,0,0,0,0,0,0,0
60,13000,1968,896,1,8,509,193500,0,0,1,0,0,0,0,0,0,0,0,0,0
120,4500,1998,1237,1,5,405,153500,0,0,0,1,0,0,0,0,0,0,0,0,0
20,10206,2007,1563,1,6,758,245000,0,0,1,0,0,0,0,0,0,0,0,0,0
20,8892,1960,1065,1,6,461,126500,0,0,1,0,0,0,0,0,0,0,0,0,0
80,8530,1995,384,1,7,400,168500,0,0,1,0,0,0,0,0,0,0,0,0,0
60,16059,1991,1288,1,9,462,260000,0,0,1,0,0,0,0,0,1,0,0,0,0
60,11911,2005,684,1,6,400,174000,0,0,1,0,0,0,0,0,0,0,0,0,0
160,3951,2009,612,1,4,528,164500,1,0,0,0,0,0,0,0,0,0,0,0,0
50,8470,1915,1013,1,6,0,85000,0,0,0,0,0,0,0,0,0,0,0,0,0
20,8070,1994,990,1,5,0,123600,0,0,1,0,0,0,0,0,0,0,0,0,0
20,7200,1950,0,1,4,420,109900,0,0,1,0,0,0,0,0,0,0,0,0,0
20,8500,1961,1235,1,6,480,98600,0,0,1,0,0,0,0,0,0,0,0,0,0
30,13360,1921,876,1,5,432,163500,0,0,1,0,0,1,0,0,0,0,0,0,0
190,7200,1910,1214,2,9,506,133900,0,0,0,0,0,0,0,0,0,0,0,0,0
60,9337,1997,824,1,7,684,204750,0,0,1,0,0,0,0,0,0,0,0,0,0
60,9765,1993,680,1,6,420,185000,0,0,1,0,0,0,0,0,0,0,0,0,0
20,10264,1999,1588,1,6,472,214000,0,0,1,0,0,0,0,0,0,0,0,0,0
20,10921,1965,960,1,6,432,94750,0,0,1,0,0,0,1,0,0,0,0,0,0
30,10625,1920,458,1,5,366,83000,0,0,1,0,0,0,1,0,0,0,0,0,0
20,9320,1959,950,1,6,0,128950,0,0,1,0,0,0,0,0,0,0,0,0,0
20,10603,1977,1610,1,6,480,205000,0,0,1,0,0,0,0,1,0,0,0,0,0
60,9206,1985,741,1,7,476,178000,0,0,1,0,0,0,0,0,0,0,0,0,0
90,7018,1979,0,2,8,410,118964,0,0,1,0,0,0,0,0,0,0,0,0,0
20,10402,2009,1226,1,6,740,198900,0,0,1,0,0,0,0,0,0,0,0,0,0
50,7758,1931,1040,1,7,240,169500,0,0,0,1,0,0,0,0,0,0,0,0,0
60,9375,2003,1053,1,9,648,250000,1,0,0,0,0,0,0,0,0,0,0,0,0
30,10800,1885,641,1,6,273,100000,0,0,0,1,0,0,0,0,0,0,0,0,0
20,6000,1948,789,1,5,250,115000,0,0,0,1,0,0,0,0,0,0,0,0,0
50,8500,1919,793,1,7,0,115000,0,0,0,1,0,0,0,0,0,0,0,0,0
20,11751,1977,1844,1,7,546,190000,0,0,1,0,0,0,0,1,0,0,0,0,0
50,9525,1954,994,1,7,325,136900,0,0,1,0,0,0,1,0,0,0,0,0,0
80,7750,2000,384,1,7,400,180000,0,0,1,0,0,0,0,0,0,0,0,0,0
60,9965,2007,1264,1,10,792,383970,0,0,1,0,0,0,0,0,0,0,0,0,0
20,21000,1953,1809,1,7,450,217000,0,0,1,0,0,1,0,0,0,0,0,0,0
70,7259,1945,1028,1,9,180,259500,0,0,1,0,0,1,0,0,0,0,0,0,0
160,3230,1999,729,1,5,440,176000,1,0,0,0,0,0,0,0,0,0,0,0,0
20,11616,1962,1092,1,6,288,139000,0,0,1,0,0,0,0,0,0,0,1,0,0
20,8536,2006,1125,1,5,430,155000,0,0,1,0,0,0,1,0,0,0,0,0,0
60,12376,1990,1673,1,11,594,320000,0,0,1,0,0,0,0,0,0,0,0,0,0
60,8461,2005,728,1,8,390,163990,0,0,1,0,0,0,0,0,0,0,0,0,0
80,21453,1969,938,1,4,540,180000,0,0,1,0,1,0,0,0,0,0,0,0,0
50,6060,1939,732,1,4,264,100000,0,0,0,1,0,0,0,0,0,0,0,0,0
20,9464,1958,1080,1,5,288,136000,0,0,1,0,0,0,0,0,0,0,0,0,0
120,7892,1993,1199,1,5,530,153900,0,0,1,0,0,0,0,0,0,0,0,0,0
20,17043,1979,1362,1,7,435,181000,0,0,1,0,1,0,0,1,0,0,0,0,0
190,6780,1935,520,1,5,0,84500,0,0,0,1,0,0,0,0,0,0,0,0,0
120,4928,1976,1078,1,5,440,128000,0,0,1,0,0,0,0,0,0,0,0,0,0
45,4388,1930,672,1,5,0,87000,0,0,0,1,0,0,0,0,0,0,0,0,0
60,7590,1966,660,1,6,453,155000,0,0,1,0,0,0,0,0,0,0,0,0,0
20,8973,1958,1008,1,6,750,150000,0,0,1,0,0,0,0,0,0,0,0,0,0
60,14200,1966,924,1,8,487,226000,0,0,1,0,0,0,0,0,0,0,0,0,0
60,12224,2000,992,1,7,390,244000,0,0,1,0,0,0,0,0,0,0,0,0,0
20,7388,1959,1063,1,7,624,150750,0,0,1,0,0,0,0,0,0,0,0,0,0
20,6853,2001,1267,1,6,471,220000,0,0,1,0,0,0,0,0,0,0,0,0,0
20,10335,1968,1461,1,7,440,180000,0,0,1,0,0,0,0,0,0,0,1,0,0
20,10400,1970,1304,1,7,530,174000,0,0,1,0,0,0,0,1,0,0,0,0,0
20,10355,1967,1214,1,5,318,143000,0,0,1,0,0,0,0,0,0,0,0,0,0
90,11070,1988,1907,2,9,766,171000,0,0,1,0,0,0,0,0,0,0,0,0,0
60,9066,1999,1004,1,7,660,230000,0,0,1,0,0,0,0,0,0,0,0,0,0
60,15426,1997,928,1,7,470,231500,0,0,1,0,0,0,0,0,0,0,0,0,0
20,10500,1971,864,1,5,0,115000,0,0,1,0,0,0,0,0,0,0,0,0,0
20,11645,2005,1734,1,7,660,260000,0,0,1,0,0,0,0,0,0,0,0,0,0
50,8520,1952,910,1,6,720,166000,0,0,1,0,0,0,0,0,0,0,0,0,0
20,10335,1999,1490,1,6,577,204000,0,0,1,0,0,0,0,0,0,0,0,0,0
90,9100,1963,1728,2,10,504,125000,0,0,0,1,0,0,0,0,0,0,1,0,0
160,2522,2004,970,1,7,380,130000,0,0,0,1,0,0,1,0,0,0,0,0,0
30,6120,1931,715,1,5,180,105000,0,0,0,1,0,0,0,0,0,0,0,0,0
60,9505,2001,884,1,8,434,222500,0,0,1,0,1,0,0,0,0,0,0,0,0
20,7500,2004,1080,1,6,0,141000,0,0,1,0,0,0,0,0,0,0,0,0,0
50,6240,1936,896,1,7,240,115000,0,0,0,1,0,0,0,0,0,0,0,0,0
20,10356,1975,969,1,5,440,122000,0,0,1,0,0,0,0,0,0,0,0,0,0
20,13891,2007,1710,1,6,866,372402,0,0,1,0,0,0,0,0,0,1,0,0,0
60,14803,1971,825,1,8,495,190000,0,0,1,0,1,0,0,1,0,0,0,0,0
20,13500,1960,1602,1,4,564,235000,0,0,1,0,0,0,0,0,0,0,0,0,0
30,11340,1923,1200,1,7,312,125000,0,0,0,1,0,0,0,0,0,0,0,0,0
50,9600,1924,572,1,5,0,79000,0,0,1,0,0,0,1,0,0,0,0,0,0
20,7200,1950,0,1,5,625,109500,0,0,1,0,0,0,0,0,0,0,0,0,0
60,12003,2009,774,1,8,680,269500,0,0,1,0,0,0,0,0,0,0,0,0,0
60,12552,2004,991,1,8,678,254900,1,0,0,0,0,0,0,0,0,0,0,0,0
60,19378,2005,1392,1,9,576,320000,0,0,1,0,0,0,0,0,0,0,0,0,0
20,11120,1984,1232,1,6,516,162500,0,0,1,0,1,0,0,0,0,0,0,0,1
60,13688,2003,1572,1,10,726,412500,0,0,1,0,0,0,0,0,0,1,0,0,0
20,12182,2005,1541,1,7,532,220000,0,0,1,0,0,0,0,0,0,1,0,0,0
45,5500,1956,882,1,4,0,103200,0,0,1,0,0,0,0,0,0,0,0,0,0
40,5400,1926,1149,1,5,216,152000,0,0,0,1,0,0,0,0,0,0,0,0,0
190,10106,1940,644,2,6,0,127500,0,0,1,0,0,0,1,0,0,0,0,0,0
20,10708,1955,1617,1,7,303,190000,0,0,1,0,0,0,0,0,0,0,0,0,0
60,10562,2007,1582,1,8,789,325624,0,0,1,0,0,0,0,0,0,1,0,0,0
60,8244,2004,840,1,7,440,183500,0,0,1,0,0,0,0,0,0,0,0,0,0
20,16669,1981,1686,1,6,511,228000,0,0,1,0,0,0,0,0,0,0,0,0,0
50,12358,1941,720,1,7,660,128500,0,0,0,1,0,0,0,0,0,0,0,0,0
20,31770,1960,1080,1,7,528,215000,0,0,1,0,0,0,0,0,0,0,0,0,0
160,5306,1987,1064,1,5,504,239000,0,0,1,0,0,0,0,0,0,0,0,1,0
20,10197,1961,1362,1,6,504,163000,0,0,1,0,0,0,0,0,0,0,0,0,0
20,12416,1986,1606,1,7,616,184000,0,0,1,0,0,0,0,0,0,0,0,0,0
20,12615,1950,1202,1,7,576,243000,0,0,1,0,0,0,1,0,0,0,0,0,0
60,10029,1988,1151,1,8,521,211000,0,0,1,0,0,0,0,0,0,0,0,0,0
50,13650,1958,1052,1,8,451,172500,0,0,1,0,0,0,0,0,0,0,1,0,0
20,17423,2008,2216,1,9,1166,501837,0,0,1,0,1,0,0,0,0,0,0,1,0
30,8520,1923,968,1,5,480,100000,0,0,0,1,0,0,0,0,0,0,0,0,0
160,2117,2000,756,1,5,440,177000,1,0,0,0,0,0,0,0,0,0,0,0,0
70,7588,1920,793,1,9,216,200100,0,0,1,0,0,1,0,0,0,0,0,0,0
20,9060,1957,0,1,7,252,120000,0,0,1,0,0,0,1,0,0,0,0,0,0
50,11426,2003,1362,1,6,484,200000,0,0,0,1,0,0,0,0,0,0,0,0,0
50,7438,1908,504,1,5,576,127000,0,0,1,0,0,0,0,0,0,0,0,0,0
75,22950,1892,1107,1,12,840,475000,0,0,0,1,0,0,0,0,0,0,0,0,0
80,9947,1990,1188,1,6,497,173000,0,0,1,0,1,0,0,0,0,0,0,0,0
50,10410,1916,660,1,8,180,135000,0,0,1,0,0,0,0,0,0,0,0,0,0
90,7018,1979,1086,2,6,528,153337,0,0,1,0,0,0,0,0,0,0,0,0,0
120,4923,2001,1593,1,5,682,286000,0,0,1,0,0,0,0,0,0,0,0,1,0
70,10570,1932,853,1,10,440,315000,0,0,1,0,0,1,0,0,0,0,0,0,0
60,7472,1972,725,1,7,484,184000,0,0,1,0,1,0,0,0,0,0,0,0,0
20,9017,1999,1431,1,6,666,192000,0,0,1,0,0,0,0,0,0,0,0,0,0
160,2522,2004,970,1,7,380,130000,0,0,0,1,0,0,1,0,0,0,0,0,0
20,7180,1972,864,1,5,352,127000,0,0,1,0,0,0,0,0,0,0,0,0,0
160,2280,1976,855,1,7,440,148500,0,0,1,0,0,0,0,0,0,0,0,0,0
20,9416,2007,1726,1,8,786,311872,0,0,1,0,0,0,0,0,0,0,0,0,0
75,25419,1918,1360,1,8,795,235000,0,0,1,0,0,0,0,0,0,0,0,0,0
75,5520,1912,755,1,8,0,104000,0,0,0,1,0,0,0,0,0,0,0,0,0
20,9591,2004,1713,1,7,856,274900,0,0,1,0,0,0,0,0,0,1,0,0,0
20,8546,2003,1121,1,5,440,140000,0,0,0,1,0,0,1,0,0,0,0,0,0
20,10125,1977,1196,1,6,473,171500,0,0,1,0,0,0,0,0,0,0,0,0,0
50,7000,1924,617,1,6,398,112000,0,0,1,0,0,0,0,0,0,0,0,0,0
120,4438,2004,848,1,3,420,149000,0,0,0,1,0,0,0,0,0,0,0,0,0
50,3500,1947,720,1,5,240,110000,0,0,0,1,0,0,0,0,0,0,0,0,0
20,11851,1990,1424,1,5,500,180500,0,0,1,0,0,0,0,0,0,0,0,0,0
20,13673,1962,1140,1,8,349,143900,0,0,1,0,1,0,0,0,0,0,1,0,0
20,12493,1960,1100,1,6,312,141000,0,0,1,0,0,0,0,0,0,0,0,0,0
60,14364,1988,1157,1,7,454,277000,0,0,1,0,0,0,0,0,0,0,0,0,0
20,8250,1964,1092,1,6,504,145000,0,0,1,0,0,0,0,0,0,0,0,0,0
30,5604,1925,864,1,5,0,98000,0,0,1,0,0,0,1,0,0,0,0,0,0
20,10420,2009,1212,1,6,460,186000,0,0,1,0,0,0,1,0,0,0,0,0,0
60,8640,2009,900,1,7,644,252678,1,0,0,0,0,0,0,0,0,0,0,0,0
20,13568,1995,990,1,5,576,156000,0,0,1,0,1,0,0,0,0,0,0,0,0
60,10900,1977,689,1,6,299,161750,0,0,1,0,0,0,0,0,0,0,0,0,0
20,10011,1957,1070,1,6,447,134450,0,0,1,0,0,0,0,0,0,0,0,0,0
20,8450,2004,1436,1,8,484,210000,0,0,1,0,0,0,0,0,0,0,0,0,0
70,9906,1925,686,1,8,210,107000,0,0,0,1,0,0,0,0,0,0,0,0,0
50,15660,1939,798,1,8,431,311500,0,0,1,0,0,1,0,0,0,0,0,0,0
120,3010,2005,1248,1,5,438,167240,0,0,1,0,0,0,0,0,0,0,0,0,0
20,8990,2006,1498,1,5,675,204900,0,0,1,0,0,0,0,0,0,0,0,0,0
60,8068,2002,1010,1,8,390,200000,0,0,1,0,0,0,0,0,0,0,0,0,0
60,11475,1975,713,1,6,434,179900,0,0,1,0,0,0,0,1,0,0,0,0,0
20,10500,1971,864,1,4,576,97000,0,0,1,0,0,0,0,0,0,0,0,0,0
20,13472,2003,2392,1,8,968,386250,0,0,1,0,0,0,0,0,0,1,0,0,0
160,1680,1971,630,1,6,280,112000,0,0,0,1,0,0,0,0,0,0,0,0,0
60,9950,1995,1203,1,9,721,290000,0,0,1,0,0,0,0,0,1,0,0,0,0
160,1869,1970,483,1,5,280,106000,0,0,0,1,0,0,0,0,0,0,0,0,0
20,8521,1967,912,1,5,336,125000,0,0,1,0,0,0,0,0,0,0,1,0,0
120,3182,2005,1373,1,7,430,192500,0,0,1,0,0,0,0,0,0,0,0,0,0
20,8760,1959,1194,1,6,312,148000,0,0,1,0,0,0,0,0,0,0,0,0,0
60,15138,1995,1462,1,9,810,403000,0,0,1,0,0,0,0,0,1,0,0,0,0
160,1680,1972,483,1,5,288,94500,0,0,0,1,0,0,0,0,0,0,0,0,0
20,10650,1976,894,1,5,308,128200,0,0,1,0,0,0,0,0,0,0,0,0,0
60,7851,2002,860,1,8,440,216500,0,0,1,0,0,0,0,0,0,0,0,0,0
160,1680,1971,483,1,5,264,89500,0,0,0,1,0,0,0,0,0,0,0,0,0
20,8773,2004,1414,1,6,494,185500,0,0,1,0,0,0,0,0,0,0,0,0,0
60,9453,1993,996,1,7,457,194500,0,0,1,0,1,0,0,0,0,0,0,0,0
20,12030,2007,1694,1,7,818,318000,0,0,1,0,0,0,0,0,0,1,0,0,0
50,8741,1945,735,1,7,220,113000,0,0,1,0,0,0,1,0,0,0,0,0,0
20,9000,2008,1566,1,7,750,262500,1,0,0,0,0,0,0,0,0,0,0,0,0
30,3880,1945,686,1,4,0,110500,0,0,0,1,0,0,0,0,0,0,0,0,0
50,5000,1900,540,1,6,352,79000,0,0,0,1,0,0,0,0,0,0,0,0,0
160,10762,1980,626,1,6,288,120000,0,0,1,0,0,0,0,0,0,0,0,0,0
60,8880,1994,948,1,8,463,205000,0,0,1,0,0,0,0,0,0,0,0,0,0
20,10400,1988,1845,1,6,604,241500,0,0,1,0,0,0,0,1,0,0,0,0,0
190,9142,1910,1020,2,9,440,137000,0,0,0,1,0,0,0,0,0,0,0,0,0
20,11310,1954,1367,1,5,451,140000,0,0,1,0,0,0,0,0,0,0,0,0,0
60,11317,2003,840,1,8,500,180000,0,0,1,0,0,0,0,0,0,0,0,0,0
50,159000,1958,1444,1,7,389,277000,0,0,1,0,1,0,0,0,0,0,0,0,0
30,5350,1940,728,1,6,0,76500,0,0,1,0,0,0,0,0,0,0,0,0,0
120,4750,2006,1573,1,5,538,235000,0,0,0,1,0,1,0,0,0,0,0,0,0
60,8366,2004,798,1,6,520,173000,0,0,1,0,0,0,0,0,0,0,0,0,0
80,9350,1964,1302,1,7,309,158000,0,0,1,0,0,0,0,0,0,0,0,0,0
20,8400,1957,1314,1,5,294,145000,0,0,1,0,0,0,0,0,0,0,0,0,0
60,8738,1999,975,1,8,429,230000,0,0,1,0,0,0,0,0,0,0,0,0,0
60,8791,2003,864,1,7,673,207500,1,0,0,0,0,0,0,0,0,0,0,0,0
20,8814,2006,1604,1,8,660,220000,0,0,1,0,0,0,0,0,0,0,0,0,0
60,12435,2001,963,1,7,564,231500,0,0,1,0,0,0,0,0,0,0,0,0,0
20,12702,1956,0,1,4,308,97000,0,0,0,1,0,0,0,0,0,0,0,0,0
80,19296,1962,1362,1,6,884,176000,0,0,1,0,0,0,0,0,0,0,0,0,0
60,9588,2007,1482,1,10,868,276000,0,0,1,0,0,0,0,0,0,0,0,0,0
80,8471,1977,506,1,6,492,151000,0,0,1,0,0,0,0,0,0,0,1,0,0
50,5500,1929,926,1,6,484,130000,0,0,0,1,0,0,0,0,0,0,0,0,0
30,5232,1925,680,1,4,504,73000,0,0,0,1,0,0,0,0,0,0,0,0,0
20,12090,1981,1422,1,7,576,175500,0,0,1,0,0,0,0,1,0,0,0,0,0
60,11207,1997,802,1,8,413,185000,0,0,1,0,0,0,0,0,0,0,0,0,0
75,8400,1939,720,1,8,240,179500,0,0,1,0,0,0,0,0,0,0,0,0,0
30,6900,1940,740,1,4,924,120500,0,0,0,1,0,0,0,0,0,0,0,0,0
20,7917,1976,1143,1,6,504,148000,0,0,1,0,0,0,1,0,0,0,0,0,0
60,10728,2006,1095,1,8,1053,266000,1,0,0,0,0,0,0,0,0,0,0,0,0
20,39104,1954,1385,1,5,439,241500,0,0,1,0,1,0,0,0,0,0,0,0,0
60,11764,1999,1152,1,9,671,290000,0,0,1,0,1,0,0,0,1,0,0,0,0
20,9600,1958,1240,1,6,338,139000,0,0,1,0,0,0,0,0,0,0,0,0,0
20,8314,1982,816,1,5,264,124500,0,0,1,0,0,0,0,0,0,0,0,0,0
50,7264,1925,952,1,5,672,205000,0,0,1,0,0,0,0,0,0,0,0,0,0
20,9196,2003,1560,1,7,573,201000,0,0,1,0,0,0,0,0,0,0,0,0,0
20,19138,1951,864,1,4,400,141000,0,0,1,0,0,0,0,0,0,0,0,0,0
20,14450,2006,2121,1,8,732,415298,0,0,1,0,0,0,0,0,0,1,0,0,0
60,10005,1977,1160,1,8,505,192000,0,0,1,0,0,0,0,0,0,0,0,0,0
60,11287,1989,807,1,7,575,228500,0,0,1,0,0,0,0,0,0,0,0,0,0
20,7200,2006,1262,1,5,572,185000,1,0,0,0,0,0,0,0,0,0,0,0,0
120,5063,2007,1314,1,6,626,207500,0,0,1,0,0,0,0,0,0,1,0,0,0
20,9612,2008,1468,1,6,898,244600,0,0,1,0,0,0,0,0,0,0,0,0,0
120,8012,1992,1575,1,5,529,179200,0,0,1,0,0,0,0,0,0,0,0,0,0
160,4251,2006,625,1,5,528,164700,1,0,0,0,0,0,0,0,0,0,0,0,0
50,9786,1962,912,1,7,440,159000,0,0,1,0,0,0,0,0,0,0,0,0,0
20,8125,1971,858,1,5,0,88000,0,0,1,0,0,0,0,0,0,0,0,0,0
20,9819,1967,882,1,5,280,122000,0,0,1,0,0,0,0,0,0,0,1,0,0
70,8730,1915,698,1,7,384,153575,0,0,1,0,0,0,0,0,0,0,0,0,0
60,15611,2006,1079,1,8,685,233230,0,0,1,0,0,0,0,0,0,0,0,0,0
190,5687,1912,780,1,9,0,135900,0,0,1,0,0,0,0,0,0,0,0,0,0
50,11409,1949,768,1,8,281,131000,0,0,1,0,0,0,1,0,0,0,0,0,0
60,16659,1977,795,1,9,539,235000,0,0,1,0,0,0,0,1,0,0,0,0,0
20,9600,1953,1416,1,7,418,167000,0,0,1,0,0,0,0,0,0,0,0,0,0
80,7937,1984,1003,1,6,588,142500,0,0,1,0,1,0,0,0,0,0,0,0,0
50,13710,1950,910,1,6,282,152000,0,0,0,1,0,0,0,0,0,0,0,0,0
60,7399,1997,975,1,7,576,239000,1,0,0,0,0,0,0,0,0,0,0,0,0
60,11700,1968,702,1,7,539,175000,0,0,1,0,0,0,0,1,0,0,0,0,0
20,14000,1950,1092,1,6,300,158500,0,0,1,0,0,1,0,0,0,0,0,0,0
190,15750,1953,1165,1,5,375,157000,0,0,1,0,0,1,0,0,0,0,0,0,0
60,16226,1998,1028,1,9,683,267000,0,0,1,0,0,0,0,0,0,0,0,0,0
20,13704,2001,1541,1,6,843,205000,0,0,1,0,0,0,0,0,0,0,0,0,0
20,9800,1972,894,1,5,552,149900,0,0,1,0,0,0,0,0,0,0,0,0,0
75,18386,1880,1470,1,10,870,295000,0,0,0,1,0,0,0,0,0,0,0,0,0
20,10386,2004,2000,1,8,888,305900,0,0,1,0,0,0,0,0,0,0,0,0,0
60,13474,1990,700,1,8,746,225000,0,0,1,0,0,0,0,0,0,0,0,0,0
50,7920,1920,319,1,6,0,89500,0,0,0,1,0,0,0,0,0,0,0,0,0
30,12342,1940,861,1,4,539,82500,0,0,1,0,0,0,1,0,0,0,0,0,0
20,12378,2003,1896,1,8,708,360000,0,0,1,0,0,0,0,0,0,1,0,0,0
60,7685,1993,697,1,6,420,165600,0,0,1,0,0,0,0,0,0,0,0,0,0
20,8000,1948,972,1,5,240,132000,0,0,1,0,0,0,0,0,0,0,0,0,0
190,7800,1939,793,1,5,410,119900,0,0,0,1,0,0,0,0,0,0,0,0,0
20,215245,1965,2136,1,8,513,375000,0,0,1,0,0,0,0,0,0,0,0,0,0
70,9600,1925,728,1,6,546,178000,0,0,0,1,0,0,0,0,0,0,0,0,0
60,7795,2004,716,1,6,432,188500,0,0,1,0,0,0,0,0,0,0,0,0,0
60,13005,1980,845,1,10,484,260000,0,0,1,0,0,0,0,1,0,0,0,0,0
60,9000,2006,1088,1,8,1025,270000,1,0,0,0,0,0,0,0,0,0,0,0,0
60,9900,1993,1347,1,9,656,260000,0,0,1,0,0,0,0,0,1,0,0,0,0
80,14115,1980,1372,1,6,588,187500,0,0,1,0,0,0,0,1,0,0,0,0,0
60,16259,2006,1249,1,9,840,342643,0,0,1,0,0,0,0,0,0,1,0,0,0
60,12099,2004,1136,1,10,872,354000,0,0,1,0,0,0,0,0,0,1,0,0,0
60,10380,1986,1502,1,8,576,301000,0,0,1,0,0,0,0,0,0,0,0,0,0
20,5820,1955,1162,1,6,220,126175,0,0,0,1,0,0,0,0,0,0,0,0,0
80,11275,1967,710,1,11,564,242000,0,0,1,0,0,0,0,0,0,0,0,0,0
45,5000,1941,720,1,5,360,87000,0,0,0,1,0,0,0,0,0,0,0,0,0
120,10846,1993,1719,1,6,473,324000,0,0,1,0,1,0,0,0,0,0,0,0,1
20,11600,1960,1383,1,7,292,145250,0,0,1,0,0,0,0,0,0,0,0,0,0
75,11888,1916,844,1,10,441,214500,0,0,1,0,0,0,0,0,0,0,0,0,0
70,6402,1920,596,1,6,189,78000,0,0,0,1,0,0,0,0,0,0,0,0,0
90,10624,1964,1728,2,10,352,119000,0,0,1,0,0,0,0,0,0,0,0,0,0
20,8176,1958,1056,1,6,308,139000,0,0,1,0,0,0,0,0,0,0,0,0,0
20,10655,2003,3206,1,7,880,284000,0,0,1,0,0,0,0,0,0,1,0,0,0
120,8198,2004,1358,1,6,484,207000,0,0,0,1,0,0,0,0,0,1,0,0,0
60,9042,1998,943,1,7,472,192000,0,0,1,0,0,0,0,0,0,0,0,0,0
190,164660,1965,1499,1,7,529,228950,0,0,1,0,0,0,0,0,0,0,0,0,0
20,14157,2005,1922,1,8,676,377426,0,0,1,0,0,0,0,0,0,0,0,1,0
20,9135,2002,1536,1,7,532,214000,0,0,1,0,0,0,0,0,0,0,0,0,0
20,14145,1984,1208,1,8,440,202500,0,0,1,0,0,0,0,1,0,0,0,0,0
20,12400,1958,1215,1,6,297,155000,0,0,1,0,0,0,0,0,0,0,0,0,0
60,14191,2002,967,1,9,431,202900,0,0,1,0,0,0,0,0,0,0,0,0,0
20,8400,1950,721,1,4,294,82000,0,1,0,0,0,0,0,0,0,0,0,0,0
90,8544,1949,0,2,6,400,87500,0,0,1,0,0,0,0,0,0,0,0,0,0
120,8849,2005,1684,1,6,564,266000,0,0,1,0,0,0,0,0,0,1,0,0,0
160,2592,1976,536,1,4,336,85000,0,0,0,1,0,0,0,0,0,0,0,0,0
50,6435,1939,972,1,6,312,140200,0,0,1,0,0,0,0,0,0,0,0,0,0
20,12772,1960,958,1,5,301,151500,0,0,1,0,1,0,0,0,0,0,0,0,0
20,17600,1960,1478,1,6,498,157500,0,0,1,0,0,0,0,0,0,0,0,0,0
160,2448,2003,764,1,6,474,154000,0,0,1,0,0,0,0,0,0,1,0,0,0
60,20431,2005,1848,1,10,706,437154,0,0,1,0,0,0,0,0,0,1,0,0,0
120,7820,2007,1869,1,6,617,318061,0,0,1,0,0,0,0,0,0,1,0,0,0
120,5271,1986,1453,1,6,445,190000,0,0,1,0,0,0,0,0,0,0,0,0,0
50,9084,1941,616,1,5,200,95000,0,0,1,0,0,0,1,0,0,0,0,0,0
30,8520,1928,624,1,5,484,105900,0,0,0,1,0,0,0,0,0,0,0,0,0
50,8400,1940,940,1,6,240,140000,0,0,1,0,0,0,0,0,0,0,0,0,0
20,11249,1995,1200,1,6,521,177500,0,0,1,0,0,0,0,0,0,0,0,0,0
20,9248,1992,1158,1,6,400,173000,0,0,1,0,0,0,0,0,0,0,0,0,0
120,4224,1976,1142,1,6,528,134000,0,0,0,1,0,0,0,0,0,0,0,0,0
80,6930,1958,1062,1,6,288,130000,0,0,1,0,0,0,0,0,0,0,0,0,0
60,12011,1998,1086,1,7,592,280000,0,0,1,0,1,0,0,0,1,0,0,0,0
85,7540,1978,888,1,5,470,156000,0,0,1,0,1,0,0,0,0,0,0,0,0
50,9144,1940,883,1,8,240,145000,0,0,1,0,0,0,0,0,0,0,0,0,0
85,7301,2003,0,1,7,672,198500,0,0,1,0,0,0,1,0,0,0,0,0,0
160,1680,1972,483,1,5,264,118000,0,0,0,1,0,0,0,0,0,0,0,0,0
60,18800,1976,796,1,6,566,190000,0,0,1,0,0,0,0,1,0,0,0,0,0
70,10690,1920,672,1,6,468,147000,0,0,0,1,0,0,0,0,0,0,0,0,0
20,9500,1963,1394,1,6,514,159000,0,0,1,0,0,0,0,0,0,0,0,0,0
80,9150,1962,1099,1,6,296,165000,0,0,1,0,0,0,0,0,0,0,0,0,0
20,7800,1954,1268,1,7,244,132000,0,0,1,0,0,0,0,0,0,0,0,0,0
20,9830,1959,1063,1,7,576,162000,0,0,1,0,0,0,0,0,0,0,0,0,0
60,8121,2000,953,1,7,460,172400,0,0,1,0,0,0,0,0,0,0,0,0,0
50,17120,1959,0,1,7,680,134432,0,0,1,0,0,0,0,0,0,0,0,0,0
120,7175,1984,744,1,4,264,125000,0,0,1,0,0,0,0,0,0,0,0,0,0
20,10634,1953,608,1,5,270,123000,0,0,1,0,0,0,0,0,0,0,0,0,0
60,8200,2003,847,1,8,434,219500,0,0,1,0,0,0,0,0,0,0,0,0,0
30,10020,1922,683,1,4,0,61000,0,0,1,0,0,0,1,0,0,0,0,0,0
85,8846,1996,870,1,5,576,148000,0,0,1,0,1,0,0,0,0,0,0,0,0
60,11143,2004,1580,1,8,610,340000,1,0,0,0,0,0,0,0,0,0,0,0,0
20,11394,2010,1856,1,8,834,394432,0,0,1,0,0,0,0,0,0,0,0,1,0
60,8123,2000,982,1,7,463,179000,0,0,1,0,0,0,0,0,0,0,0,0,0
50,5000,1924,1026,1,6,308,127000,0,0,1,0,0,0,0,0,0,0,0,0,0
20,7200,2006,1293,1,5,572,187750,1,0,0,0,0,0,0,0,0,0,0,0,0
60,9245,2006,939,1,8,639,213500,0,0,1,0,0,0,0,0,0,0,0,0,0
45,9000,1928,784,1,5,360,76000,0,1,0,0,0,0,0,0,0,0,0,0,0
60,53107,1992,1580,1,9,501,240000,0,0,1,0,0,0,0,0,0,0,0,0,0
120,3182,2004,1256,1,6,430,192000,0,0,1,0,0,0,0,0,0,0,0,0,0
50,8410,1910,658,1,8,0,81000,0,0,1,0,0,0,1,0,0,0,0,0,0
80,7200,1976,1041,1,6,352,125000,0,0,1,0,0,0,1,0,0,0,0,0,0
20,9382,1999,1468,1,6,577,191000,0,0,1,0,1,0,0,0,0,0,0,0,0
60,12474,2007,1682,1,9,846,426000,0,0,1,0,0,0,0,0,0,1,0,0,0
50,8405,1900,861,1,7,384,119000,0,0,1,0,0,0,1,0,0,0,0,0,0
60,12209,2001,804,1,7,560,215000,0,0,1,0,1,0,0,0,0,0,0,0,0
20,8339,1959,0,1,5,294,106500,0,0,1,0,0,0,0,0,0,0,0,0,0
30,7446,1941,788,1,4,0,100000,0,0,1,0,0,0,0,0,0,0,0,0,0
50,10134,1940,735,1,5,240,109000,0,0,1,0,0,0,0,0,0,0,0,0,0
20,9571,1956,1144,1,6,596,129000,0,0,1,0,0,0,1,0,0,0,0,0,0
20,7200,1972,894,1,6,600,123000,0,0,1,0,0,0,0,0,0,0,0,0,0
60,7590,1962,864,1,8,264,169500,0,0,1,0,0,0,0,0,0,0,0,0,0
30,8967,1920,961,1,6,338,67000,0,0,0,1,0,0,0,0,0,0,0,0,0
60,8125,2006,1092,1,7,438,241000,1,0,0,0,0,0,0,0,0,0,0,0,0
120,14963,1996,1260,1,4,500,245500,0,0,1,0,0,0,0,0,0,0,0,0,1
20,8767,2005,1310,1,6,400,164990,0,0,1,0,0,0,0,0,0,0,0,0,0
30,10200,1940,672,1,4,240,108000,0,0,1,0,0,0,0,0,0,0,1,0,0
60,12090,1998,1141,1,10,420,258000,0,0,1,0,0,0,0,0,1,0,0,0,0
60,10364,1995,806,1,7,373,168000,0,0,1,0,0,0,0,0,0,0,0,0,0
20,9991,1976,1281,1,8,490,150000,0,0,1,0,0,0,0,0,0,0,1,0,0
50,10480,1936,1064,1,6,240,115000,0,0,1,0,0,0,0,0,0,0,0,0,0
70,15576,1915,840,1,8,308,177000,0,0,1,0,0,1,0,0,0,0,0,0,0
60,14154,2006,1063,1,9,947,280000,0,0,1,0,0,0,0,0,0,1,0,0,0
60,10800,2007,1034,1,8,836,339750,1,0,0,0,0,0,0,0,0,0,0,0,0
20,9571,1958,1276,1,5,350,60000,0,0,1,0,0,0,1,0,0,0,0,0,0
190,34650,1955,1056,1,5,572,145000,0,0,1,0,0,0,0,0,0,0,0,0,0
20,4403,2009,1470,1,7,484,222000,1,0,0,0,0,0,0,0,0,0,0,0,0
30,8960,1927,1008,1,5,360,115000,0,0,0,1,0,0,0,0,0,0,0,0,0
60,11228,1993,1080,1,9,678,228000,0,0,1,0,1,0,0,0,0,0,0,0,0
20,8899,2007,1340,1,6,396,181134,0,0,1,0,0,0,0,0,0,0,0,0,0
60,7844,1978,672,1,6,440,149500,0,0,1,0,0,0,0,0,0,0,1,0,0
70,22420,1918,1370,1,10,864,239000,0,0,1,0,0,1,0,0,0,0,0,0,0
50,8160,1940,756,1,7,240,126000,0,0,1,0,0,0,1,0,0,0,0,0,0
20,8450,1968,1056,1,6,304,142000,0,0,1,0,0,0,0,0,0,0,0,0,0
90,7060,1997,1344,2,8,784,206300,0,0,0,1,0,0,0,0,0,0,0,0,0
20,16635,1977,1602,1,8,529,215000,0,0,1,0,0,0,0,1,0,0,0,0,0
20,21750,1954,988,1,4,520,113000,0,0,1,0,0,0,0,0,0,0,0,0,0
60,9200,1998,1470,1,8,696,315000,0,0,1,0,0,0,0,0,1,0,0,0,0
20,9000,1956,1196,1,6,297,139000,0,0,1,0,0,0,0,0,0,0,0,0,0
60,3378,1946,651,1,6,240,135000,0,0,0,1,0,0,0,0,0,0,0,0,0
80,12800,1989,1518,1,5,569,275000,0,0,1,0,0,0,0,0,0,0,0,0,0
20,8593,1957,907,1,5,352,109008,0,0,1,0,0,0,0,0,0,0,0,0,0
20,6762,2007,1208,1,6,628,195400,0,0,1,0,0,0,0,0,0,0,0,0,0
20,11457,1988,1392,1,6,576,175000,0,0,1,0,0,0,0,0,0,0,0,0,0
160,1680,1971,483,1,4,264,85400,0,0,0,1,0,0,0,0,0,0,0,0,0
50,5586,1920,901,1,7,0,79900,0,0,0,1,0,0,0,0,0,0,0,0,0
160,1920,1971,765,1,6,440,122500,0,0,0,1,0,0,0,0,0,0,0,0,0
60,10839,1997,926,1,7,470,181000,0,0,1,0,0,0,0,0,0,0,0,0,0
180,1890,1972,630,1,3,0,81000,0,0,0,1,0,0,0,0,0,0,0,0,0
60,10667,1996,799,1,6,550,212000,0,0,1,0,1,0,0,0,0,0,0,0,0
50,4400,1920,648,1,6,440,116000,0,0,0,1,0,0,0,0,0,0,0,0,0
45,6000,1926,884,1,4,180,119000,0,0,0,1,0,0,0,0,0,0,0,0,0
30,4280,1913,440,1,4,352,90350,0,0,1,0,0,1,0,0,0,0,0,0,0
50,12354,1920,684,1,7,528,110000,0,0,1,0,0,0,1,0,0,0,0,0,0
20,15431,2008,3094,1,10,672,555000,0,0,1,0,0,0,0,0,0,1,0,0,0
90,12108,1955,1440,2,8,0,118000,0,0,1,0,0,0,1,0,0,0,0,0,0
50,6240,1930,1078,1,8,360,162900,0,0,0,1,0,0,0,0,0,0,0,0,0
120,3922,2006,1258,1,6,648,172500,0,0,1,0,0,0,0,0,0,0,0,0,0
60,8750,1994,915,1,8,493,210000,0,0,1,0,0,0,0,0,0,0,0,0,0
20,9855,1956,1436,1,7,480,127500,0,0,1,0,0,0,1,0,0,0,0,0,0
20,16492,1966,1517,1,6,578,190000,0,0,1,0,0,0,0,0,0,0,0,0,0
60,11214,1998,930,1,10,431,199900,0,0,1,0,0,0,0,0,0,0,0,0,0
50,8600,1937,780,1,7,198,119500,0,0,0,1,0,0,0,0,0,0,0,0,0
50,6000,1948,649,1,6,308,120000,0,0,0,1,0,0,0,0,0,0,0,0,0
30,5684,1930,813,1,5,270,110000,0,0,0,1,0,0,0,0,0,0,0,0,0
20,70761,1975,1533,1,5,576,280000,0,0,1,0,0,0,0,0,0,0,0,0,0
60,9303,1996,872,1,7,422,204000,0,0,1,0,0,0,0,0,0,0,0,0,0
60,9000,2008,768,1,6,676,210000,1,0,0,0,0,0,0,0,0,0,0,0,0
90,9297,1976,1728,2,8,560,188000,0,0,1,0,0,0,0,0,0,0,0,0,0
20,9600,1973,1242,1,6,528,175500,0,0,1,0,0,0,0,1,0,0,0,0,0
70,4571,1916,624,1,7,513,98000,0,0,0,1,0,0,0,0,0,0,0,0,0
20,53227,1954,1364,1,6,529,256000,0,0,1,0,1,0,0,0,0,0,0,0,0
70,5100,1925,588,1,7,228,161000,0,0,0,1,0,0,0,0,0,0,0,0,0
50,7015,1950,709,1,5,352,110000,0,0,1,0,0,0,0,0,0,0,0,0,0
60,8004,2009,832,1,8,552,263435,1,0,0,0,0,0,0,0,0,0,0,0,0
70,7200,1936,560,1,6,576,155000,0,0,1,0,0,0,0,0,0,0,0,0,0
20,8281,1965,864,1,5,360,62383,0,0,1,0,0,0,0,0,0,0,1,0,0
70,11988,1934,715,1,6,240,188700,0,0,1,0,0,1,0,0,0,0,0,0,0
20,8430,1978,1040,1,5,0,124000,0,0,1,0,0,0,0,0,0,0,0,0,0
120,3072,2004,1375,1,6,398,178740,0,0,0,1,0,0,0,0,0,0,0,0,0
20,10628,1970,1277,1,5,526,167000,0,0,1,0,0,0,0,0,0,0,0,0,0
70,9480,1942,728,1,7,312,146500,0,0,1,0,0,0,0,0,0,0,0,0,0
20,11428,2006,1626,1,7,866,250000,0,0,1,0,0,0,0,0,0,1,0,0,0
60,9291,1993,832,1,7,506,187000,0,0,1,0,0,0,0,0,0,0,0,0,0
120,6820,1985,1488,1,4,528,212000,0,0,1,0,0,0,0,0,0,0,0,1,0
60,11952,1977,808,1,8,534,190000,0,0,1,0,0,0,0,1,0,0,0,0,0
180,3675,2005,547,1,5,525,148000,0,0,0,1,0,0,1,0,0,0,0,0,0
20,14977,2006,1976,1,7,908,440000,0,0,1,0,0,0,0,0,0,1,0,0,0
120,5330,2000,1494,1,6,499,251000,0,0,1,0,0,0,0,0,0,0,0,1,0
20,8480,1963,970,1,5,624,132500,0,0,1,0,0,0,0,0,0,0,1,0,0
20,13125,1997,1478,1,7,508,208900,0,0,1,0,0,0,0,0,0,0,0,0,0
60,13693,2006,2153,1,9,694,380000,0,0,1,0,0,0,0,0,0,1,0,0,0
20,10637,2007,1705,1,7,826,297000,0,0,1,0,0,0,0,0,0,0,0,0,0
30,5925,1937,907,1,7,672,89471,0,0,0,1,0,0,0,0,0,0,0,0,0
20,16033,2004,1833,1,8,772,326000,0,0,1,0,0,0,0,0,0,1,0,0,0
20,11846,2003,1792,1,6,874,374000,0,0,1,0,0,0,0,0,0,1,0,0,0
70,2500,1915,910,1,7,164,155000,0,0,0,1,0,0,0,0,0,0,0,0,0
120,4500,1998,1216,1,5,402,164000,0,0,0,1,0,0,0,0,0,0,0,0,0
20,7758,1962,999,1,6,264,132500,0,0,1,0,0,0,0,0,0,0,1,0,0
20,9600,1950,1113,1,5,264,147000,0,0,1,0,0,0,0,0,0,0,0,0,0
20,10289,1965,1073,1,6,515,156000,0,0,1,0,0,0,0,0,0,0,0,0,0
20,12243,1971,1484,1,7,487,175000,0,0,1,0,0,0,0,1,0,0,0,0,0
190,10800,1900,954,2,10,520,160000,0,0,1,0,0,0,0,0,0,0,0,0,0
180,1526,1970,630,1,3,286,86000,0,0,0,1,0,0,0,0,0,0,0,0,0
160,2665,1976,264,1,4,336,115000,0,0,0,1,0,0,0,0,0,0,0,0,0
50,9490,1941,806,1,5,240,133000,0,0,1,0,0,0,0,0,0,0,0,0,0
60,15578,2006,728,1,8,429,172785,0,0,1,0,0,0,0,0,0,0,0,0,0
20,7931,1960,1269,1,6,308,155000,0,0,1,0,0,0,0,0,0,0,0,0,0
30,5784,1938,190,1,4,273,91300,0,0,0,1,0,0,0,0,0,0,0,0,0
30,7879,1920,720,1,4,0,34900,0,0,0,0,0,0,0,0,0,0,0,0,0
20,12692,1992,3200,1,10,546,430000,0,0,1,0,0,0,0,0,1,0,0,0,0
50,9120,1925,1026,1,8,240,184000,0,0,1,0,0,0,0,0,0,0,0,0,0
20,7800,1967,864,1,5,288,130000,0,0,1,0,0,0,0,0,0,0,1,0,0
20,7535,1958,912,1,5,297,120000,0,0,1,0,0,0,0,0,0,0,0,0,0
160,1890,1973,672,1,7,264,113000,0,0,0,1,0,0,0,0,0,0,0,0,0
60,9803,2005,866,1,7,603,226700,1,0,0,0,0,0,0,0,0,0,0,0,0
20,9170,1965,1214,1,6,461,140000,0,0,1,0,0,0,1,0,0,0,0,0,0
20,15602,1959,1501,1,6,484,289000,0,0,1,0,0,1,0,0,0,0,0,0,0
160,2308,1974,855,1,6,440,147000,0,0,1,0,0,0,0,0,0,0,0,0,0
90,7596,1952,960,2,10,400,124500,0,0,0,1,0,0,0,0,0,0,0,0,0
60,9554,1993,777,1,8,471,215000,0,0,1,0,0,0,0,0,0,0,0,0,0
20,7862,2009,1218,1,4,676,208300,1,0,0,0,0,0,0,0,0,0,0,0,0
70,9600,1928,689,1,7,360,161000,0,0,0,1,0,0,0,0,0,0,0,0,0
20,9600,1959,1041,1,6,270,124500,0,0,1,0,0,0,0,0,0,0,0,0,0
20,14559,1951,1008,1,6,288,164900,0,0,1,0,0,0,0,0,0,0,0,0,0
120,6792,2005,1368,1,6,474,202665,0,0,1,0,0,0,0,0,0,1,0,0,0
20,9100,1958,864,1,5,624,129900,0,0,1,0,0,0,0,0,0,0,0,0,0
20,9187,1983,1084,1,5,484,134000,0,0,1,0,0,0,0,0,0,0,0,0,0
45,10594,1926,768,1,5,200,96500,0,0,1,0,0,1,0,0,0,0,0,0,0
20,12220,2009,2006,1,9,900,402861,0,0,1,0,0,0,0,0,0,1,0,0,0
80,10448,1972,689,1,7,583,158000,0,0,1,0,0,0,0,1,0,0,0,0,0
60,10208,1996,1264,1,7,889,265000,0,0,1,0,0,0,0,0,1,0,0,0,0
60,9531,1998,794,1,7,546,211000,0,0,1,0,1,0,0,0,0,0,0,0,0
70,10918,1926,1276,1,9,282,234000,0,0,1,0,0,1,0,0,0,0,0,0,0
190,10800,1900,0,2,7,0,106250,0,0,1,0,0,0,0,0,0,0,0,0,0
20,11988,1957,1244,1,6,336,150000,0,0,1,0,0,0,0,0,0,0,0,0,0
50,5000,1947,1004,1,7,420,159000,0,0,0,1,0,0,0,0,0,0,0,0,0
60,40094,2007,3138,1,11,884,184750,0,0,1,0,0,0,1,0,0,0,0,0,0
60,11787,1996,1379,1,8,834,315750,0,0,1,0,0,0,0,0,1,0,0,0,0
20,7500,2005,1257,1,6,453,176000,1,0,0,0,0,0,0,0,0,0,0,0,0
20,13300,1956,928,1,4,252,132000,0,0,1,0,0,0,0,0,0,0,0,0,0
60,14948,2008,1452,1,11,858,446261,0,0,1,0,0,0,0,0,0,1,0,0,0
30,9098,1920,528,1,5,0,86000,0,0,1,0,0,0,1,0,0,0,0,0,0
20,32668,1957,2035,2,9,484,200624,0,0,1,0,1,1,0,0,0,0,0,0,0
80,10200,1988,1461,1,5,600,175000,0,0,1,0,0,0,0,0,0,0,0,0,0
70,6155,1920,611,1,6,502,128000,0,0,0,1,0,0,0,0,0,0,0,0,0
20,7200,1955,0,1,5,392,107500,0,0,1,0,0,0,0,0,0,0,0,0,0
20,5000,1946,0,1,2,0,39300,0,0,1,0,0,0,0,0,0,0,0,0,0
60,9056,2004,707,1,6,403,178000,0,0,1,0,0,0,0,0,0,0,0,0,0
190,7000,1910,1117,1,5,0,107500,0,0,1,0,0,0,1,0,0,0,0,0,0
60,8924,1998,880,1,8,527,188000,0,0,1,0,1,0,0,0,0,0,0,0,0
20,12735,1972,864,1,5,576,111250,0,0,1,0,0,0,0,0,0,0,0,0,0
20,11553,1968,1051,1,7,336,158000,0,0,1,0,0,0,0,0,0,0,1,0,0
20,11423,2001,1581,1,6,670,272000,0,0,1,0,0,0,0,0,0,0,0,0,0
20,14601,2006,1838,1,8,765,315000,0,0,1,0,0,0,0,0,0,0,0,0,0
60,11000,2000,969,1,8,648,248000,0,0,1,0,0,0,0,0,1,0,0,0,0
20,10140,1998,1650,1,7,583,213250,0,0,1,0,0,0,0,1,0,0,0,0,0
120,4058,1998,723,1,4,367,133000,0,1,0,0,0,0,0,0,0,0,0,0,0
60,17104,2006,654,1,7,426,179665,0,0,1,0,0,0,0,0,0,0,0,0,0
50,13837,1988,1204,1,9,786,229000,0,0,1,0,0,0,0,1,0,0,0,0,0
50,8737,1923,1065,1,6,440,210000,0,0,1,0,0,0,0,0,0,0,0,0,0
85,7244,1970,768,1,5,624,129500,0,0,1,0,0,0,0,0,0,0,0,0,0
20,8235,1955,825,1,4,720,125000,0,0,0,1,0,0,0,0,0,0,0,0,0
60,9375,2003,912,1,8,615,263000,1,0,0,0,0,0,0,0,0,0,0,0,0
120,4043,1977,1069,1,4,440,140000,0,0,1,0,0,0,0,0,0,0,0,0,0
20,6000,1957,928,1,5,288,112500,0,0,0,1,0,0,0,0,0,0,0,0,0
20,11146,2006,1709,1,7,908,255500,0,0,1,0,0,0,0,0,0,1,0,0,0
20,8777,1949,0,1,5,520,108000,0,0,1,0,0,0,1,0,0,0,0,0,0
60,10625,2003,998,1,8,871,284000,0,0,1,0,0,0,0,0,0,1,0,0,0
45,6380,1922,993,1,5,280,113000,0,0,0,1,0,0,0,0,0,0,0,0,0
20,14850,1957,1092,1,6,299,141000,0,0,1,0,0,0,0,0,0,0,0,0,0
50,11040,1920,637,1,7,570,108000,0,0,0,0,0,0,0,0,0,0,0,0,0
60,21872,1996,729,1,6,406,175000,0,0,1,0,0,0,0,0,0,0,0,0,0
120,3196,2003,1374,1,7,420,234000,0,0,1,0,0,0,0,0,0,0,0,0,0
20,11341,1957,1392,1,5,528,121500,0,0,1,0,0,0,0,0,0,0,1,0,0
20,10010,1974,1389,1,6,418,170000,0,0,1,0,0,0,0,0,0,0,0,0,0
30,13907,1940,996,1,6,0,108000,0,0,1,0,0,0,1,0,0,0,0,0,0
50,21780,1918,1163,1,8,396,185000,0,0,1,0,0,0,1,0,0,0,0,0,0
60,13346,1992,1095,1,9,590,268000,0,0,1,0,1,0,0,0,1,0,0,0,0
70,6858,1915,806,1,6,216,128000,0,0,1,0,0,0,0,0,0,0,0,0,0
60,11198,2005,1122,1,11,656,325000,0,0,1,0,0,0,0,0,0,0,0,1,0
20,10171,2004,1517,1,7,532,214000,0,0,1,0,0,0,0,0,0,1,0,0,0
50,12327,1983,1496,1,5,612,316600,0,0,1,0,0,0,0,0,0,0,0,0,0
90,7032,1979,943,1,4,600,135960,0,0,1,0,0,0,0,0,0,0,0,0,0
90,13101,1965,1728,2,10,576,142600,0,0,1,0,0,0,0,0,0,0,0,0,0
20,7332,1959,864,1,4,288,120000,0,0,1,0,0,0,0,0,0,0,0,0,0
60,13159,2009,846,1,6,650,224500,0,0,1,0,0,0,0,0,0,0,0,0,0
80,9967,2000,384,1,8,400,170000,0,0,1,0,0,0,0,0,0,0,0,0,0
80,10500,1971,372,1,5,288,139000,0,0,1,0,0,0,0,0,0,0,0,0,0
50,8480,1947,832,1,6,336,118500,0,0,1,0,0,0,0,0,0,0,0,0,0
50,6292,1928,861,1,6,216,145000,0,0,1,0,0,0,0,0,0,0,0,0,0
80,11777,1966,1164,1,6,564,164500,0,0,1,0,0,0,0,0,0,0,1,0,0
160,3604,2007,689,1,5,540,146000,1,0,0,0,0,0,0,0,0,0,0,0,0
50,12150,1954,1050,1,7,352,131500,0,0,0,1,0,0,0,0,0,0,0,0,0
20,14585,1960,1144,1,7,572,181900,0,0,1,0,1,0,0,0,0,0,0,0,0
20,12704,2008,2042,1,8,1390,253293,0,0,1,0,0,0,0,0,0,1,0,0,0
90,11841,1990,816,1,5,0,118500,0,0,1,0,0,0,1,0,0,0,0,0,0
75,13500,1893,1237,1,9,880,325000,0,0,0,1,0,0,0,0,0,0,0,0,0
50,6120,1935,884,1,6,240,133000,0,0,0,1,0,0,0,0,0,0,0,0,0
20,11443,2005,1868,1,7,880,369900,0,0,1,0,0,0,0,0,0,0,0,0,0
30,10267,1918,816,1,5,275,130000,0,0,1,0,0,0,0,0,0,0,0,0,0
85,8740,1982,840,1,4,528,137000,0,0,1,0,0,0,0,0,0,0,1,0,0
20,25095,1968,1437,1,5,452,143000,0,0,1,0,0,0,0,0,0,0,0,0,0
40,9100,1930,742,1,4,308,79500,0,0,0,1,0,0,0,0,0,0,0,0,0
60,8320,2004,770,1,6,520,185900,0,0,1,0,0,0,0,0,0,0,0,0,0
60,13478,2008,1722,1,10,842,451950,0,0,1,0,0,0,0,0,0,1,0,0,0
20,6600,1982,816,1,4,816,138000,0,0,1,0,0,0,0,0,0,0,0,0,0
120,4435,2003,848,1,4,420,140000,0,0,0,1,0,0,0,0,0,0,0,0,0
20,7990,1975,924,1,5,280,110000,0,0,1,0,0,0,0,0,0,0,0,0,0
20,11302,2005,1814,1,7,758,319000,0,0,1,0,0,0,0,0,0,0,0,1,0
70,3600,1910,684,1,7,216,114504,0,0,0,1,0,0,0,0,0,0,0,0,0
120,3922,2006,1258,1,7,648,194201,0,0,1,0,0,0,0,0,0,0,0,0,0
20,12984,1977,1430,1,7,621,217500,0,0,1,0,0,1,0,0,0,0,0,0,0
160,1950,1980,716,1,6,452,151000,0,0,0,1,0,0,0,0,0,0,0,0,0
60,10927,2005,1058,1,8,736,275000,0,0,1,0,0,0,0,0,0,1,0,0,0
50,9000,1937,780,1,6,544,141000,0,0,0,1,0,0,0,0,0,0,0,0,0
60,10041,1992,908,1,8,506,220000,0,0,1,0,0,0,0,0,0,0,0,0,0
160,3182,2004,600,1,4,480,151000,1,0,0,0,0,0,0,0,0,0,0,0,0
20,12803,2002,1494,1,6,530,221000,0,0,1,0,0,0,0,0,0,0,0,0,0
60,13600,1965,768,1,7,486,205000,0,0,1,0,0,0,0,0,0,0,0,0,0
20,12464,1996,1040,1,6,576,152000,0,0,1,0,0,0,0,0,0,0,0,0,0
20,7800,1948,896,1,8,230,225000,0,0,1,0,0,0,1,0,0,0,0,0,0
70,12168,1934,965,1,10,380,359100,0,0,1,0,0,1,0,0,0,0,0,0,0
20,7943,1961,1029,1,5,261,118500,0,0,1,0,0,0,0,0,0,0,1,0,0
60,11050,2000,1440,1,8,736,313000,0,0,1,0,0,0,0,0,0,0,0,0,0
80,10395,1978,1032,1,6,564,148000,0,0,1,0,0,0,0,1,0,0,0,0,0
60,11885,2001,1299,1,7,531,261500,0,0,1,0,0,0,0,0,0,0,0,0,0
20,8402,2007,1120,1,6,0,147000,0,0,1,0,0,0,0,0,0,0,0,0,0
180,1491,1972,630,1,3,0,75500,0,0,0,1,0,0,0,0,0,0,0,0,0
85,8800,1963,936,1,6,480,137500,0,0,1,0,0,0,0,0,0,0,0,0,0
60,7861,2002,783,1,7,393,183200,0,0,1,0,0,0,0,0,0,0,0,0,0
45,7227,1954,832,1,4,528,105500,0,0,1,0,0,0,0,0,0,0,0,0,0
20,11694,2007,1822,1,9,774,314813,0,0,1,0,0,0,0,0,0,1,0,0,0
60,12244,2003,1482,1,10,749,305000,0,0,1,0,0,0,0,0,0,0,0,0,0
30,8248,1914,864,1,5,0,67000,0,0,1,0,0,0,1,0,0,0,0,0,0
60,10800,1974,1522,1,9,624,240000,0,0,1,0,0,0,0,1,0,0,0,0,0
20,7064,1977,980,1,6,484,135000,0,0,1,0,0,0,0,0,0,0,1,0,0
160,2117,2000,756,1,4,440,168500,1,0,0,0,0,0,0,0,0,0,0,0,0
60,10400,1972,732,1,8,484,165150,0,0,1,0,0,0,0,1,0,0,0,0,0
20,10000,1962,1116,1,5,440,160000,0,0,1,0,0,0,0,0,0,0,0,0,0
20,12342,1960,978,1,6,286,139900,0,0,1,0,0,0,0,0,0,0,0,0,0
80,9600,1955,1156,1,7,364,153000,0,0,1,0,0,0,0,0,0,0,0,0,0
60,11606,1969,1040,1,9,504,135000,0,0,1,0,0,0,0,0,0,0,0,0,0
80,9020,1964,1248,1,6,520,168500,0,0,1,0,0,0,0,0,0,0,0,0,0
70,9000,1880,636,1,8,240,124000,0,0,0,1,0,0,0,0,0,0,0,0,0
120,4590,2006,1554,1,6,627,209500,0,0,1,0,0,0,0,0,0,1,0,0,0
20,11900,1977,1386,1,6,544,82500,0,0,1,0,0,0,0,1,0,0,0,0,0
20,9250,1954,1056,1,6,260,139400,0,0,1,0,0,0,0,0,0,0,0,0,0
90,6979,1980,1056,2,4,576,144000,0,0,1,0,0,0,0,0,0,0,0,0,0
190,10896,1914,1440,2,14,0,200000,0,1,0,0,0,0,0,0,0,0,0,0,0
30,6120,1936,264,1,4,0,60000,0,0,0,1,0,0,0,0,0,0,0,0,0
190,6000,1954,811,2,7,256,93000,0,0,0,1,0,0,0,0,0,0,0,0,0
30,8777,1910,796,1,4,0,85000,0,0,1,0,0,0,1,0,0,0,0,0,0
120,3982,2006,1520,1,7,648,264561,0,0,1,0,0,0,0,0,0,0,0,0,0
120,12677,2003,1518,1,6,588,274000,0,0,1,0,0,0,0,0,0,1,0,0,0
60,7050,2001,1057,1,7,650,226000,1,0,0,0,0,0,0,0,0,0,0,0,0
80,13860,1972,1952,1,9,538,345000,0,0,1,0,0,0,0,0,0,0,0,0,0
60,10793,1969,780,1,7,462,152000,0,0,1,0,0,0,0,1,0,0,0,0,0
20,9187,2009,1766,1,7,478,370878,1,0,0,0,0,0,0,0,0,0,0,0,0
20,10530,1971,981,1,5,576,143250,0,0,1,0,0,0,0,0,0,0,0,0,0
20,7200,1950,0,1,7,420,98300,0,0,1,0,0,0,0,0,0,0,0,0,0
20,10452,1953,1094,1,5,495,155000,0,0,1,0,0,0,1,0,0,0,0,0,0
60,7700,1966,756,1,7,442,155000,0,0,1,0,0,0,0,0,0,0,0,0,0
180,1936,1970,630,1,3,0,84500,0,0,0,1,0,0,0,0,0,0,0,0,0
60,8125,2007,813,1,7,562,205950,1,0,0,0,0,0,0,0,0,0,0,0,0
70,9084,1940,755,1,7,296,108000,0,0,1,0,0,0,1,0,0,0,0,0,0
60,8750,1996,880,1,7,512,191000,0,0,1,0,0,0,0,0,0,0,0,0,0
50,10320,1906,756,1,7,216,135000,0,0,0,1,0,0,0,0,0,0,0,0,0
20,10437,1995,2109,1,7,839,350000,0,0,1,0,0,0,0,0,1,0,0,0,0
160,1680,1971,525,1,6,264,88000,0,0,0,1,0,0,0,0,0,0,0,0,0
20,10007,1959,1053,1,5,312,145500,0,0,1,0,0,0,0,0,0,0,0,0,0
70,7200,1931,776,1,6,270,149000,0,0,1,0,0,1,0,0,0,0,0,0,0
50,17503,1948,912,1,6,330,97500,0,0,1,0,0,0,0,0,0,0,0,0,0
20,9937,1964,1486,1,7,480,167000,0,0,1,0,0,0,1,0,0,0,0,0,0
60,12384,1976,793,1,7,550,197900,0,0,1,0,1,0,0,1,0,0,0,0,0
60,46589,1994,1629,1,8,711,402000,0,0,1,0,1,0,0,0,1,0,0,0,0
20,13560,1968,1392,1,5,576,110000,0,0,1,0,0,0,0,0,0,0,0,0,0
85,10012,1972,1138,1,6,588,137500,0,0,1,0,0,0,1,0,0,0,0,0,0
20,20896,2005,2077,1,8,1134,423000,0,0,1,0,1,0,0,0,0,0,0,0,0
60,11194,2000,1406,1,7,504,230500,0,0,1,0,0,0,0,0,0,0,0,0,0
60,18450,1965,1021,1,7,596,129000,0,0,1,0,0,0,0,0,0,0,0,0,0
20,8125,1994,1408,1,7,575,193500,0,0,1,0,0,0,0,0,0,0,0,0,0
20,14175,1956,1188,1,6,576,168000,0,0,1,0,0,0,0,0,0,0,1,0,0
30,11600,1922,700,1,5,252,137500,0,0,1,0,0,1,0,0,0,0,0,0,0
60,8633,2005,738,1,7,540,173500,0,0,1,0,0,0,0,0,0,0,0,0,0
70,6629,1925,672,1,6,300,103600,0,1,0,0,0,0,1,0,0,0,0,0,0
20,11250,1977,1208,1,6,546,165000,0,0,1,0,0,0,0,0,0,0,0,0,1
20,14442,1957,1477,1,7,416,257500,0,0,1,0,0,1,0,0,0,0,0,0,0
20,9200,1965,1136,1,5,384,140000,0,0,1,0,0,0,0,0,0,0,0,0,0
160,2289,1978,855,1,7,440,148500,0,0,1,0,0,0,0,0,0,0,0,0,0
70,9600,1900,1095,2,8,779,87000,0,0,0,1,0,0,0,0,0,0,0,0,0
30,9022,1924,768,1,5,240,109500,0,0,1,0,0,0,0,0,0,0,0,0,0
20,11844,2008,2046,1,7,834,372500,0,0,1,0,0,0,0,0,0,0,0,1,0
20,9945,1961,988,1,5,572,128500,0,0,1,0,0,0,0,0,0,0,1,0,0
120,8012,1980,923,1,5,264,143000,0,0,1,0,0,0,0,0,0,0,0,0,0
50,4500,1932,793,1,6,281,159434,0,1,0,0,0,0,0,0,0,0,0,0,0
120,2887,1996,1291,1,6,431,173000,0,0,1,0,0,0,0,0,0,0,0,0,0
20,11248,2002,1626,1,7,702,285000,0,0,1,0,0,0,0,0,0,0,0,0,0
60,16770,1998,1195,1,7,486,221000,0,0,1,0,1,0,0,0,1,0,0,0,0
160,5062,1984,1190,1,6,577,207500,0,0,1,0,1,0,0,0,0,0,0,1,0
60,10207,2007,874,1,7,578,227875,1,0,0,0,0,0,0,0,0,0,0,0,0
160,5105,2004,551,1,4,480,148800,1,0,0,0,0,0,0,0,0,0,0,0,0
20,8089,2007,1419,1,7,567,392000,0,0,1,0,0,0,0,0,0,0,0,1,0
120,7577,2005,1362,1,6,460,194700,0,0,1,0,0,0,0,0,0,1,0,0,0
120,4426,2004,848,1,3,420,141000,0,0,0,1,0,0,0,0,0,0,0,0,0
60,21535,1994,2444,1,10,832,755000,0,0,1,0,0,0,0,0,1,0,0,0,0
60,26178,1989,1210,1,9,628,335000,0,0,1,0,0,0,0,0,0,0,0,0,0
30,5400,1921,1073,1,4,326,108480,0,0,1,0,0,0,0,0,0,0,0,0,0
50,6120,1936,927,1,5,576,141500,0,0,0,1,0,0,0,0,0,0,0,0,0
20,13811,1987,1112,1,5,551,176000,0,0,1,0,0,0,0,0,0,0,0,0,0
30,6000,1921,616,1,4,205,89000,0,0,0,1,0,0,0,0,0,0,0,0,0
20,6420,1952,980,1,6,308,123500,0,0,1,0,0,0,1,0,0,0,0,0,0
20,8450,1965,894,1,5,336,138500,0,0,1,0,0,0,0,0,0,0,1,0,0
120,4282,2004,1391,1,5,530,196000,1,0,0,0,0,0,0,0,0,0,0,0,0
20,14331,2002,1800,1,7,765,312500,0,0,1,0,0,0,0,0,0,0,0,0,0
20,9600,1969,1164,1,6,528,140000,0,0,1,0,0,0,0,1,0,0,0,0,0
60,12438,2006,1234,1,10,666,361919,0,0,1,0,0,0,0,0,0,0,0,1,0
190,7630,1900,360,2,8,672,140000,0,0,0,1,0,0,0,0,0,0,0,0,0
20,8400,2004,1473,1,7,606,213000,0,0,1,0,0,0,0,0,0,0,0,0,0
190,5600,1930,0,2,7,0,55000,0,0,0,1,0,0,0,0,0,0,0,0,0
20,115149,1971,1643,1,5,739,302000,0,0,1,0,1,0,0,0,0,0,0,0,0
120,6240,2006,1324,1,6,550,254000,0,0,1,0,0,0,0,0,0,1,0,0,0
60,9018,2007,728,1,8,400,179540,0,0,1,0,0,0,0,0,0,0,0,0,0
20,7162,1966,876,1,6,408,109900,0,0,1,0,0,0,0,0,0,0,1,0,0
30,4130,1935,270,1,5,0,52000,0,0,1,0,0,0,0,0,0,0,0,0,0
50,8712,1900,859,1,7,384,102776,0,0,0,0,0,0,0,0,0,0,0,0,0
120,4671,1988,1228,1,5,472,189000,0,0,1,0,0,0,0,0,0,0,0,1,0
190,9873,1970,960,1,6,576,129000,0,0,1,0,0,0,0,0,0,0,0,0,0
60,13517,1976,725,1,6,475,130500,0,0,1,0,1,0,0,0,0,0,1,0,0
20,10140,1974,1064,1,7,478,165000,0,0,1,0,0,0,0,1,0,0,0,0,0
70,10800,1890,718,1,8,704,159500,0,0,0,1,0,0,0,0,0,0,0,0,0
20,10000,1973,1176,1,5,439,157000,0,0,1,0,0,0,0,1,0,0,0,0,0
60,10542,1993,1311,1,9,983,341000,0,0,1,0,0,0,0,0,1,0,0,0,0
20,9920,1969,971,1,5,300,128500,0,0,1,0,0,0,0,0,0,0,0,0,0
120,6563,1985,1742,1,5,564,275000,0,0,1,0,1,0,0,0,0,0,0,1,0
120,4426,2004,848,1,3,420,143000,0,0,0,1,0,0,0,0,0,0,0,0,0
20,8120,1970,864,1,5,463,124500,0,0,1,0,0,0,0,0,0,0,0,0,0
50,8172,1954,941,1,7,548,135000,0,0,1,0,0,0,1,0,0,0,0,0,0
20,13286,2007,1698,1,8,768,320000,0,0,1,0,0,0,1,0,0,0,0,0,0
20,6960,1970,864,1,5,660,120500,0,0,1,0,0,0,0,0,0,0,0,0,0
20,21695,1988,880,1,5,540,222000,0,0,1,0,0,1,0,0,0,0,0,0,0
20,7314,2007,1232,1,6,632,194500,0,0,1,0,0,0,0,0,0,0,0,0,0
90,11475,1958,1584,2,9,888,110000,0,0,1,0,0,0,0,0,0,0,0,0,0
30,6240,1925,780,1,5,539,103000,0,0,0,1,0,0,0,0,0,0,0,0,0
120,5389,1995,1595,1,5,608,236500,0,0,1,0,0,0,0,0,0,0,0,1,0
80,9590,2003,868,1,6,438,187500,0,0,1,0,0,0,0,0,0,0,0,0,0
60,11404,1998,1153,1,8,541,222500,0,0,1,0,0,0,0,0,0,0,0,0,0
20,10000,1961,864,1,6,264,131400,0,0,1,0,0,0,0,0,0,0,1,0,0
20,8978,1968,948,1,6,300,108000,0,0,1,0,0,0,0,0,0,0,1,0,0
75,10800,1914,880,1,6,320,163000,0,0,0,1,0,0,0,0,0,0,0,0,0
90,8544,1950,0,2,6,400,93500,0,0,1,0,0,0,0,0,0,0,0,0,0
60,10463,2005,893,1,8,800,239900,0,0,1,0,1,0,0,0,0,0,0,0,0
90,10800,1987,1200,1,5,0,179000,0,0,1,0,0,0,1,0,0,0,0,0,0
60,9313,2004,864,1,7,572,190000,0,0,1,0,0,0,0,0,0,0,0,0,0
70,9600,1910,264,1,7,360,132000,0,0,0,1,0,0,0,0,0,0,0,0,0
20,6768,1961,912,1,5,288,142000,0,0,1,0,0,0,0,0,0,0,1,0,0
20,8450,2000,1349,1,6,539,179000,0,0,1,0,0,0,0,0,0,0,0,0,0
80,12886,1963,520,1,6,480,175000,0,0,1,0,0,0,0,0,0,0,1,0,0
120,5395,1993,1337,1,5,462,180000,0,0,1,0,0,0,0,0,0,0,0,1,0
60,8963,1976,1142,1,11,831,299800,0,0,1,0,0,0,0,1,0,0,0,0,0
60,8795,2000,952,1,8,554,236000,0,0,1,0,0,0,0,0,0,0,0,0,0
70,11700,1880,1240,1,8,864,265979,0,0,0,1,0,0,0,0,0,0,0,0,0
20,10593,1996,1720,1,7,527,260400,0,0,1,0,0,0,0,0,1,0,0,0,0
50,8405,1945,0,1,9,240,98000,0,0,1,0,0,0,1,0,0,0,0,0,0
50,8800,1910,576,1,7,0,96500,0,0,0,1,0,0,0,0,0,0,0,0,0
60,7750,2003,660,1,6,400,162000,0,0,1,0,0,0,0,0,0,0,0,0,0
20,9236,1997,1479,1,6,576,217000,0,0,1,0,0,0,0,0,0,0,0,0,0
60,10240,2005,1030,1,8,878,275500,0,0,1,0,0,0,0,0,0,1,0,0,0
20,7930,1969,1026,1,5,440,156000,0,0,1,0,0,0,0,0,0,0,0,0,0
160,3230,1999,729,1,6,440,172500,1,0,0,0,0,0,0,0,0,0,0,0,0
60,10769,2007,866,1,7,578,212000,0,0,1,0,0,0,0,0,0,0,0,0,0
60,11616,1978,672,1,6,440,158900,0,0,1,0,1,0,0,0,0,0,1,0,0
160,2280,1999,744,1,6,440,179400,1,0,0,0,0,0,0,0,0,0,0,0,0
60,12257,1995,1318,1,9,752,290000,0,0,1,0,0,0,0,0,1,0,0,0,0
20,9100,1959,864,1,5,300,127500,0,0,1,0,0,0,0,0,0,0,0,0,0
30,6911,1924,1145,1,5,440,100000,0,0,0,1,0,0,0,0,0,0,0,0,0
60,8640,2009,756,1,7,614,215200,1,0,0,0,0,0,0,0,0,0,0,0,0
60,9430,1999,1252,1,8,856,337000,0,0,1,0,0,0,0,0,1,0,0,0,0
120,9549,1995,1494,1,6,481,270000,0,0,1,0,1,0,0,0,0,0,0,0,1
20,14587,2008,1498,1,6,592,264132,0,0,1,0,0,0,0,0,0,0,0,0,0
60,10421,1988,980,1,7,496,196500,0,0,1,0,0,0,0,1,0,0,0,0,0
50,12508,1940,983,1,7,423,160000,0,0,1,0,0,0,0,0,0,0,0,0,0
20,9100,2004,1860,1,8,484,216837,0,0,1,0,0,0,0,0,0,0,0,0,0
60,53504,2003,1650,1,12,841,538000,0,0,1,0,1,0,0,0,0,0,0,1,0
85,7252,1982,858,1,5,576,134900,0,0,1,0,1,0,0,0,0,0,1,0,0
20,8877,1951,836,1,6,396,102000,0,0,1,0,0,0,1,0,0,0,0,0,0
80,7819,1976,1029,1,6,672,107000,0,0,1,0,0,0,1,0,0,0,0,0,0
20,10150,1958,912,1,5,275,114500,0,0,1,0,0,0,0,0,0,0,0,0,0
20,14226,2006,1935,1,9,895,395000,0,0,1,0,0,0,0,0,0,1,0,0,0
120,4500,1998,1204,1,5,412,162000,0,0,0,1,0,0,0,0,0,0,0,0,0
20,11210,2005,1614,1,7,865,221500,0,0,1,0,0,0,0,0,0,0,0,0,0
20,13350,1974,864,1,5,440,142500,0,0,1,0,0,0,0,0,0,0,1,0,0
90,8400,1977,0,2,10,630,144000,0,1,0,0,0,0,0,0,0,0,0,0,0
90,10530,1977,975,1,4,504,135000,0,0,1,0,0,0,0,0,0,0,0,0,0
20,7875,1995,1237,1,6,402,176000,0,0,1,0,0,0,0,0,0,0,0,0,0
60,7153,1992,761,1,7,484,175900,0,0,1,0,0,0,0,0,0,0,0,0,0
20,16285,2001,1413,1,6,605,187100,0,0,1,0,0,0,0,0,0,0,0,0,0
85,9101,1978,1097,1,4,602,165500,0,0,1,0,0,0,0,0,0,0,0,0,0
75,6300,1914,742,1,9,0,128000,0,0,0,1,0,0,0,0,0,0,0,0,0
20,9790,1967,1372,1,7,457,161500,0,0,1,0,0,0,0,1,0,0,0,0,0
50,10800,1915,686,1,7,416,139000,0,0,0,1,0,0,0,0,0,0,0,0,0
60,10142,2004,956,1,8,618,233000,0,0,1,0,0,0,0,0,0,0,0,0,0
20,6000,1954,901,1,4,281,107900,0,0,0,1,0,0,0,0,0,0,0,0,0
60,12205,1966,832,1,9,444,187500,0,0,1,0,0,0,0,0,0,0,0,0,0
120,3182,2005,1145,1,5,397,160200,0,0,1,0,0,0,0,0,0,0,0,0,0
80,11333,1976,1029,1,5,539,146800,0,0,1,0,0,0,0,0,0,0,0,0,0
60,9920,1996,1117,1,8,455,269790,0,0,1,0,1,0,0,0,1,0,0,0,0
20,9158,2007,1496,1,7,474,225000,0,0,1,0,0,0,0,0,0,0,0,0,0
60,10832,1994,712,1,7,409,194500,0,0,1,0,0,0,0,0,0,0,0,0,0
60,8400,1980,650,1,7,476,171000,0,0,1,0,0,0,0,0,0,0,0,0,0
20,8197,1977,660,1,7,528,143500,0,0,1,0,0,0,0,0,0,0,1,0,0
20,7677,1953,773,1,4,240,110000,0,0,1,0,0,0,0,0,0,0,0,0,0
60,13518,2008,1926,1,11,820,485000,0,0,1,0,0,0,0,0,0,1,0,0,0
50,7200,1937,731,1,7,240,175000,0,0,1,0,0,0,0,0,0,0,0,0,0
60,12798,1997,616,1,8,603,200000,0,0,1,0,0,0,0,0,0,0,0,0,0
30,4800,1916,1196,1,5,440,109900,0,0,0,1,0,0,0,0,0,0,0,0,0
60,8199,2005,728,1,7,410,189000,0,0,1,0,0,0,0,0,0,0,0,0,0
60,13891,2008,1734,1,12,1020,582933,0,0,1,0,0,0,0,0,0,1,0,0,0
20,9000,1954,936,1,5,286,118000,0,0,1,0,0,0,0,0,0,0,0,0,0
20,12274,2008,1417,1,6,554,227680,0,0,1,0,0,0,0,0,0,0,0,0,0
80,9750,1967,980,1,6,384,135500,0,0,1,0,0,0,0,0,0,0,0,0,0
70,21384,1923,1324,1,6,528,223500,0,0,1,0,0,0,0,0,0,0,0,0,0
80,13400,1966,1024,1,6,484,159950,0,0,1,0,0,0,0,0,0,0,0,0,0
75,8100,1898,849,3,11,360,106000,0,0,0,1,0,0,0,0,0,0,0,0,0
20,10140,1974,1040,1,5,484,181000,0,0,1,0,0,0,0,1,0,0,0,0,0
120,4438,2004,848,1,4,420,144500,0,0,0,1,0,0,0,0,0,0,0,0,0
20,8712,1952,540,1,4,504,55993,0,0,0,0,0,0,0,0,0,0,0,0,0
20,9750,1958,1442,1,7,301,157900,0,0,1,0,0,0,0,0,0,0,0,0,0
50,8248,1918,686,1,7,280,116000,0,0,1,0,0,0,1,0,0,0,0,0,0
20,12137,1998,1649,1,6,598,224900,0,0,1,0,1,0,0,0,0,0,0,0,0
20,11425,1954,1008,1,4,275,137000,0,0,1,0,0,0,0,0,0,0,0,0,0
20,13265,2002,1568,1,7,857,271000,0,0,1,0,1,0,0,0,0,0,0,0,0
80,8816,1971,1010,1,6,440,155000,0,0,1,0,0,0,0,0,0,0,0,0,0
120,6371,2009,1358,1,6,484,224000,0,0,1,0,0,0,0,0,0,1,0,0,0
60,7226,2003,798,1,6,595,183000,0,0,1,0,1,0,0,0,0,0,0,0,0
20,6000,1953,936,1,4,576,93000,0,0,0,1,0,0,0,0,0,0,0,0,0
60,12394,2003,847,1,7,433,225000,0,0,1,0,0,0,0,0,0,0,0,0,0
50,9900,1940,778,1,7,240,139500,0,0,1,0,0,0,0,0,0,0,0,0,0
20,11216,2006,1489,1,7,776,232600,1,0,0,0,0,0,0,0,0,0,0,0,0
20,14803,2007,2078,1,7,1220,385000,0,0,1,0,0,0,0,0,0,1,0,0,0
45,6130,1924,784,1,5,0,109500,0,0,0,1,0,0,0,0,0,0,0,0,0
20,8529,2001,1454,1,6,527,189000,0,0,1,0,0,0,0,0,0,0,0,0,0
60,28698,1967,1013,1,7,538,185000,0,0,1,0,1,0,0,0,0,0,0,0,0
160,2544,2005,600,1,4,480,147400,1,0,0,0,0,0,0,0,0,0,0,0,0
20,11900,1957,1392,1,6,458,166000,0,0,1,0,0,0,0,0,0,0,0,0,0
160,3180,2005,600,1,4,480,151000,1,0,0,0,0,0,0,0,0,0,0,0,0
60,9548,2003,941,1,7,613,237000,0,0,1,0,1,0,0,0,0,0,0,0,0
20,10004,1964,1516,1,6,472,167000,0,0,1,0,0,0,0,0,0,0,0,0,0
20,7875,1961,1144,1,6,456,139950,0,0,1,0,0,0,0,0,0,0,0,0,0
20,9600,1950,1067,1,4,436,128000,0,0,1,0,0,0,0,0,0,0,1,0,0
30,8100,1948,1559,1,5,812,153500,0,0,0,1,0,0,0,0,0,0,0,0,0
160,1680,1973,483,1,5,264,100000,0,0,0,1,0,0,0,0,0,0,0,0,0
20,9525,1995,1099,1,6,352,144000,0,0,1,0,0,0,0,0,0,0,0,0,0
50,11767,1946,768,1,6,240,130500,0,0,1,0,0,0,1,0,0,0,0,0,0
70,12155,1925,672,1,7,400,140000,0,1,0,0,0,0,0,0,0,0,0,0,0
70,10440,1904,650,1,8,686,157500,0,0,0,1,0,0,0,0,0,0,0,0,0
80,9020,1966,1127,1,6,490,174900,0,0,1,0,0,0,0,0,0,0,0,0,0
90,8000,1961,1800,2,10,0,141000,0,0,1,0,0,0,0,0,0,0,0,0,0
50,12665,1915,876,1,7,720,153900,0,0,0,1,0,0,0,0,0,0,0,0,0
85,16647,1975,1390,1,6,611,171000,0,0,1,0,1,0,0,0,0,0,1,0,0
60,9317,1993,740,1,7,425,213000,0,0,1,0,0,0,0,0,0,0,0,0,0
20,15523,1972,864,1,5,338,133500,0,0,1,0,1,0,0,0,0,0,0,0,0
50,45600,1908,907,1,10,360,240000,0,0,1,0,0,0,0,0,0,0,0,0,0
80,9600,1976,528,1,7,512,187000,0,0,1,0,0,0,0,0,0,0,0,0,1
120,4435,2003,848,1,3,420,131500,0,0,0,1,0,0,0,0,0,0,0,0,0
120,3196,2003,1273,1,7,400,215000,0,0,1,0,0,0,0,0,0,0,0,0,0
75,7128,1941,918,1,7,240,164000,0,0,1,0,0,1,0,0,0,0,0,0,0
80,12095,1964,1127,1,7,645,158000,0,0,1,0,0,0,0,0,0,0,0,0,0
20,17920,1955,1763,1,6,454,170000,0,0,1,0,0,0,0,0,0,0,1,0,0
20,6897,1962,1040,1,6,260,127000,0,0,1,0,0,0,0,0,0,0,1,0,0
80,10970,1978,940,1,5,576,147000,0,0,1,0,0,0,0,0,0,0,0,0,0
60,8125,1994,702,1,6,343,174000,0,0,1,0,0,0,0,0,0,0,0,0,0
20,10400,1976,1090,1,6,479,152000,0,0,1,0,0,0,0,1,0,0,0,0,0
60,11029,1968,1054,1,9,619,250000,0,0,1,0,0,0,0,1,0,0,0,0,0
50,7642,1918,912,1,7,216,189950,0,0,1,0,0,1,0,0,0,0,0,0,0
190,11625,1965,1039,1,6,504,131500,0,0,1,0,0,0,0,0,0,0,1,0,0
20,9672,1984,1040,1,6,480,152000,0,0,1,0,0,0,0,0,0,0,0,0,0
20,7931,1959,1148,1,6,672,132500,0,0,1,0,0,0,0,0,0,0,0,0,0
20,8640,2007,1372,1,6,529,250580,1,0,0,0,0,0,0,0,0,0,0,0,0
20,8750,1970,1002,1,5,902,148500,0,0,1,0,0,0,0,0,0,0,0,0,0
20,10656,2006,1638,1,6,870,248900,0,0,1,0,0,0,0,0,0,0,0,0,0
20,6970,1961,1040,1,5,544,129000,0,0,1,0,0,0,0,0,0,0,1,0,0
60,14762,1948,0,1,7,672,169000,0,0,1,0,0,0,0,0,0,0,0,0,0
60,9938,1993,1050,1,8,574,236000,0,0,1,0,0,0,0,0,0,0,0,0,0
20,6600,1962,894,1,5,308,109500,0,0,1,0,0,0,0,0,0,0,0,0,0
60,8750,1998,804,1,7,523,200500,0,0,1,0,0,0,0,0,0,0,0,0,0
20,8892,1953,105,1,5,414,116000,0,0,1,0,0,0,0,0,0,0,0,0,0
40,12144,1949,832,1,6,288,133000,0,0,1,0,0,0,0,0,0,0,0,0,0
50,5720,1941,676,1,5,200,66500,0,0,0,1,0,0,0,0,0,0,0,0,0
60,9000,2007,1184,1,11,550,303477,1,0,0,0,0,0,0,0,0,0,0,0,0
20,25286,1963,1064,1,5,648,132250,0,0,1,0,0,0,0,0,0,0,0,0,0
60,8834,2004,1462,1,10,738,350000,0,0,1,0,0,0,0,0,0,1,0,0,0
85,11782,1961,1109,1,6,576,148000,0,0,1,0,0,0,0,0,0,0,1,0,0
20,7000,1978,864,1,6,336,136500,0,0,1,0,1,0,0,0,0,0,0,0,0
20,7024,2005,1090,1,5,450,157000,0,0,1,0,0,0,1,0,0,0,0,0,0
50,13758,1990,1156,1,7,400,187500,0,0,1,0,1,0,0,0,0,0,0,0,0
60,9636,1992,808,1,7,389,178000,0,0,1,0,0,0,0,0,0,0,0,0,0
75,6204,1912,795,1,10,440,118500,0,0,1,0,0,0,0,0,0,0,0,0,0
20,7150,1967,892,1,5,288,100000,0,0,1,0,0,0,0,0,0,0,0,0,0
120,5119,1999,1698,1,5,506,328900,1,0,0,0,1,0,0,0,0,0,0,0,0
90,8393,1959,1626,2,8,588,145000,0,0,1,0,0,0,0,0,0,0,0,0,0
50,16466,1955,816,1,8,300,135500,0,0,1,0,0,0,1,0,0,0,0,0,0
20,15865,1970,2217,1,8,621,268000,0,0,1,0,0,0,0,0,0,0,0,0,0
20,12160,1953,1505,1,6,505,149500,0,0,1,0,0,0,0,0,0,0,0,0,0
50,8064,1949,672,1,6,576,122900,0,0,1,0,0,0,0,0,0,0,0,0,0
60,11184,1978,918,1,7,440,172500,0,0,1,0,0,0,0,0,0,0,1,0,0
20,8414,1963,1059,1,6,264,154500,0,0,1,0,0,0,0,0,0,0,1,0,0
20,13284,1954,1383,1,6,354,165000,0,0,1,0,0,0,0,0,0,0,1,0,0
90,7018,1979,0,2,8,400,118858,0,0,1,0,0,0,0,0,0,0,0,0,0
60,7056,1963,780,1,8,483,140000,0,0,1,0,0,0,0,0,0,0,0,0,0
30,8765,1936,951,1,6,327,106500,0,0,0,1,0,0,0,0,0,0,0,0,0
90,7018,1979,0,2,12,528,142953,0,0,1,0,0,0,0,0,0,0,0,0,0
20,12919,2009,2330,1,11,820,611657,0,0,1,0,0,0,0,0,0,1,0,0,0
20,6993,1961,912,1,6,288,135000,0,0,1,0,0,0,0,0,0,0,1,0,0
20,7340,1971,858,1,4,684,110000,0,0,1,0,0,0,0,0,0,0,0,0,0
20,8712,1957,992,1,5,756,153000,0,0,1,0,0,0,0,0,0,0,0,0,0
60,7875,2003,783,1,8,393,180000,0,0,1,0,0,0,0,0,0,0,0,0,0
20,14859,2006,1670,1,7,690,240000,0,0,1,0,1,0,0,0,0,0,0,0,0
20,6173,1967,876,1,6,288,125500,0,0,1,0,0,0,0,0,0,0,1,0,0
20,9920,1954,1056,1,6,280,128000,0,0,1,0,0,0,0,0,0,0,0,0,0
20,13501,2006,1623,1,8,865,255000,0,0,1,0,0,0,0,0,0,0,0,0,0
50,11500,1936,1017,1,6,180,250000,0,0,1,0,0,1,0,0,0,0,0,0,0
20,8885,1983,864,1,5,484,131000,0,0,1,0,0,0,0,0,0,0,0,0,0
60,12589,2005,742,1,8,390,174000,0,0,1,0,0,0,0,0,0,0,0,0,0
90,11600,1960,1105,2,12,480,154300,0,0,1,0,0,0,0,0,0,0,0,0,0
20,9286,1977,1268,1,5,252,143500,0,0,1,0,1,0,0,0,0,0,0,0,0
30,6120,1925,768,1,6,450,88000,0,0,0,1,0,0,0,0,0,0,0,0,0
90,6270,1949,1001,2,8,871,145000,0,1,0,0,0,1,0,0,0,0,0,0,0
160,3000,2009,612,1,4,528,173733,1,0,0,0,0,0,0,0,0,0,0,0,0
160,2001,1970,546,1,6,286,75000,0,0,0,1,0,0,0,0,0,0,0,0,0
20,9000,1949,480,1,4,308,35311,0,0,0,0,0,0,0,0,0,0,0,0,0
20,17140,1956,1134,1,6,284,135000,0,0,1,0,0,0,1,0,0,0,0,0,0
60,13125,1991,1104,1,8,833,238000,0,0,1,0,0,0,0,0,0,0,0,0,0
20,11029,1958,1184,1,6,601,176500,0,0,1,0,0,0,0,0,0,0,0,0,0
60,8462,1994,928,1,7,471,201000,0,0,1,0,0,0,0,0,0,0,0,0,0
90,8777,1900,1272,2,9,0,145900,0,0,1,0,0,0,1,0,0,0,0,0,0
20,10237,2005,1316,1,6,397,169990,0,0,1,0,0,0,0,0,0,0,0,0,0
120,8012,1993,1604,1,5,533,193000,0,0,1,0,0,0,0,0,0,0,0,0,0
20,10240,1980,1686,1,7,612,207500,0,0,1,0,0,0,0,1,0,0,0,0,0
20,15611,1977,1126,1,6,540,175000,0,0,1,0,0,0,0,1,0,0,0,0,0
60,11999,2003,1181,1,10,656,285000,0,0,1,0,0,0,0,0,0,1,0,0,0
60,9900,1968,832,1,9,486,176000,0,0,1,0,0,0,0,1,0,0,0,0,0
20,11838,2001,1753,1,7,522,236500,0,0,1,0,0,0,0,0,0,0,0,0,0
60,13006,1997,964,1,8,642,222000,0,0,1,0,0,0,0,0,0,0,0,0,0
20,8925,2007,1466,1,7,610,201000,0,0,1,0,0,0,0,0,0,0,0,0,0
20,9100,1965,925,1,5,429,117500,0,0,1,0,0,0,0,0,0,0,0,0,0
20,11670,2006,1905,1,8,788,320000,0,0,1,0,0,0,0,0,0,0,0,0,0
20,8487,2004,1500,1,6,570,190000,0,0,1,0,0,0,0,0,0,0,0,0,0
20,27650,1960,585,1,9,505,242000,0,0,1,0,0,0,0,0,0,0,0,0,0
30,5825,1926,600,1,5,528,79900,0,0,1,0,0,0,0,0,0,0,0,0,0
20,10083,2003,1176,1,5,555,184900,0,0,1,0,0,0,0,0,0,0,0,0,0
60,9675,2005,1113,1,8,689,253000,0,0,1,0,0,0,0,0,0,0,0,0,0
60,8760,2006,1391,1,7,868,239799,0,0,1,0,0,0,0,0,0,0,0,0,0
70,24090,1940,1032,1,10,349,244400,0,0,1,0,0,0,0,0,0,0,0,0,0
90,12640,1976,1728,2,8,574,150900,0,0,1,0,0,0,0,0,0,0,0,0,0
60,8755,1999,992,1,8,390,214000,0,0,1,0,0,0,0,0,0,0,0,0,0
90,7711,1977,1440,2,8,0,150000,0,0,1,0,0,0,1,0,0,0,0,0,0
90,25000,1967,1632,2,8,576,143000,0,0,1,0,0,0,0,0,0,0,0,0,0
20,14375,1958,819,1,7,525,137500,0,0,1,0,1,0,0,0,0,0,0,0,0
50,8820,1890,1088,1,7,456,124900,0,0,0,1,0,0,0,0,0,0,0,0,0
80,8163,1959,1144,1,6,796,143000,0,0,1,0,0,0,0,0,0,0,0,0,0
20,14536,2002,1616,1,9,808,270000,0,0,1,0,0,0,0,0,0,0,0,0,0
60,14006,2002,936,1,7,474,192500,0,0,1,0,0,0,0,0,0,0,0,0,0
20,9360,1972,1161,1,5,676,197500,0,0,1,0,0,0,0,1,0,0,0,0,0
20,7200,1950,864,1,5,720,129000,0,0,1,0,0,0,0,0,0,0,0,0,0
20,7800,1965,828,1,6,300,119900,0,1,0,0,0,0,0,0,0,0,0,0,0
85,7200,1972,768,1,5,396,133900,0,0,1,0,0,0,0,0,0,0,0,0,0
60,11075,1969,784,1,7,530,172000,0,0,1,0,0,0,0,0,0,0,0,0,0
90,9400,1975,945,0,4,0,127500,0,0,1,0,1,0,1,0,0,0,0,0,0
90,7136,1946,979,2,8,492,145000,0,1,0,0,0,1,0,0,0,0,0,0,0
160,1300,1980,561,1,5,462,124000,0,0,0,1,0,0,0,0,0,0,0,0,0
20,7420,1962,1057,1,6,576,132000,0,0,1,0,0,0,0,0,0,0,1,0,0
20,8450,2003,1337,1,6,531,185000,0,0,1,0,0,0,0,0,0,0,0,0,0
160,2572,1999,696,1,6,484,155000,1,0,0,0,0,0,0,0,0,0,0,0,0
20,7207,1958,858,1,4,0,116500,0,0,1,0,0,0,0,0,0,0,0,0,0
60,12227,1977,1330,1,11,619,272000,0,0,1,0,0,0,0,1,0,0,0,0,0
160,2308,1976,804,1,7,440,155000,0,0,1,0,0,0,0,0,0,0,0,0,0
20,11923,2007,1800,1,7,702,239000,0,0,1,0,0,0,0,0,0,0,0,0,0
60,11316,2002,817,1,8,510,214900,0,0,1,0,0,0,0,0,0,0,0,0,0
60,10237,2005,783,1,8,393,178900,0,0,1,0,0,0,0,0,0,0,0,0,0
50,9600,1940,728,1,7,256,160000,0,0,1,0,0,1,0,0,0,0,0,0,0
20,7390,1955,1098,1,6,260,135000,0,0,1,0,0,0,0,0,0,0,0,0,0
50,5925,1910,600,1,6,0,37900,0,0,0,1,0,0,0,0,0,0,0,0,0
190,10382,1958,588,1,6,264,140000,0,0,1,0,0,0,0,0,0,0,0,0,0
50,10800,1949,720,1,6,0,135000,0,0,1,0,0,0,0,0,0,0,0,0,0
160,2268,2003,764,1,6,474,173000,0,0,1,0,0,0,0,0,0,1,0,0,0
120,7892,1979,918,1,5,264,99500,0,0,1,0,0,0,0,0,0,0,0,0,0
20,11639,2007,1428,1,6,480,182000,1,0,0,0,0,0,0,0,0,0,0,0,0
70,11414,1910,728,1,8,532,167500,0,0,1,0,0,0,0,0,0,0,0,0,0
160,2651,2000,673,1,6,490,165000,1,0,0,0,0,0,0,0,0,0,0,0,0
30,5900,1923,440,1,4,0,85500,0,0,1,0,0,0,0,0,0,0,0,0,0
120,4274,2006,1241,1,4,569,199900,1,0,0,0,0,0,0,0,0,0,0,0,0
20,9450,1954,894,1,5,400,110000,0,0,1,0,0,0,1,0,0,0,0,0,0
20,8816,1963,1121,1,5,480,139000,0,0,1,0,0,0,0,0,0,0,1,0,0
85,12122,1961,944,1,6,588,178400,0,0,1,0,0,0,0,0,0,0,0,0,0
60,12203,1998,1225,1,8,676,336000,0,0,1,0,0,0,0,0,1,0,0,0,0
20,3182,2007,1266,1,6,388,159895,0,0,1,0,0,0,0,0,0,0,0,0,0
60,11250,2002,1128,1,9,779,255900,0,0,1,0,0,0,0,0,0,0,0,0,0
90,10125,1977,0,2,8,539,126000,0,0,1,0,0,0,0,0,0,0,0,0,0
190,10880,1950,1164,1,5,240,125000,0,0,1,0,0,0,1,0,0,0,0,0,0
50,5310,1910,485,1,5,255,117000,0,0,0,1,0,0,0,0,0,0,0,0,0
20,10159,2009,1930,1,8,606,395192,0,0,1,0,0,0,0,0,0,1,0,0,0
60,12046,1976,848,1,8,551,195000,0,0,1,0,0,0,0,1,0,0,0,0,0
60,8125,2006,770,1,6,614,197000,1,0,0,0,0,0,0,0,0,0,0,0,0
60,9452,1997,1396,1,7,870,348000,0,0,1,0,0,0,0,0,1,0,0,0,0
70,17671,1882,916,1,8,424,168000,0,0,0,1,0,0,0,0,0,0,0,0,0
60,9760,1964,822,1,7,440,187000,0,0,1,0,0,0,0,0,0,0,0,0,0
60,8846,2005,750,1,6,564,173900,0,0,1,0,0,0,0,0,0,0,0,0,0
20,12456,2006,1700,1,7,786,337500,0,0,1,0,0,0,0,0,0,1,0,0,0
50,4712,1946,747,1,5,305,121600,0,0,1,0,0,0,0,0,0,0,0,0,0
20,10659,1961,1050,1,6,368,136500,0,0,1,0,0,0,0,0,0,0,0,0,0
20,11717,1970,1442,1,6,615,185000,0,0,1,0,0,0,0,1,0,0,0,0,0
30,9786,1922,1007,1,6,210,91000,0,0,0,1,0,0,0,0,0,0,0,0,0
20,6762,2006,1187,1,6,632,206000,0,0,1,0,0,0,0,0,0,0,0,0,0
20,10206,1952,0,1,4,528,82000,0,0,1,0,0,0,1,0,0,0,0,0,0
30,5400,1920,691,1,4,216,86000,0,0,1,0,0,0,0,0,0,0,0,0,0
20,11957,2006,1574,1,7,824,232000,0,0,1,0,0,0,0,0,0,0,0,0,0
90,11500,1976,1680,2,8,528,136905,0,0,1,0,0,0,0,1,0,0,0,0,0
120,3182,2005,1346,1,7,457,181000,0,0,1,0,0,0,0,0,0,0,0,0,0
80,8385,1977,985,1,6,328,149900,0,0,1,0,0,0,0,0,0,0,0,0,0
20,12155,1970,1657,1,7,484,163500,0,0,1,0,0,0,0,0,0,0,0,0,0
160,2217,1970,546,1,6,286,88000,0,0,0,1,0,0,0,0,0,0,0,0,0
20,12118,2004,1710,1,7,550,240000,0,0,1,0,1,0,0,0,0,0,0,0,0
50,6000,1926,1008,1,7,0,102000,0,0,1,0,0,0,0,0,0,0,0,0,0
50,21286,1948,720,1,7,312,135000,0,0,1,0,0,0,0,0,0,0,1,0,0
90,9825,1965,0,2,8,0,100000,0,0,1,0,0,0,1,0,0,0,0,0,0
70,10592,1923,602,1,7,180,165000,0,0,1,0,0,1,0,0,0,0,0,0,0
30,7200,1910,1022,1,4,280,85000,0,0,0,1,0,0,0,0,0,0,0,0,0
20,11664,1948,1082,1,5,240,119200,0,0,1,0,0,0,0,0,0,0,0,0,0
60,8400,2001,810,1,6,528,227000,0,0,1,0,0,0,0,1,0,0,0,0,0
20,11883,1996,1504,1,6,478,203000,0,0,1,0,0,0,0,0,0,0,0,0,0
120,5814,1984,1220,1,4,565,187500,0,0,1,0,1,0,0,0,0,0,0,1,0
80,10784,1991,384,1,7,402,160000,0,0,1,0,0,0,0,0,0,0,0,0,0
120,3013,2005,1362,1,6,440,213490,0,0,1,0,0,0,0,0,0,0,0,0,0
20,7024,2005,1132,1,5,451,176000,0,0,1,0,0,0,1,0,0,0,0,0,0
20,7406,2006,1199,1,6,632,194000,0,0,1,0,0,0,0,0,0,0,0,0,0
50,9439,1930,912,1,6,160,87000,0,0,0,1,0,0,0,0,0,0,0,0,0
120,3182,2005,1346,1,7,437,191000,0,0,1,0,0,0,0,0,0,0,0,0,0
20,15498,1976,1565,1,10,665,287000,0,0,1,0,0,0,0,0,0,0,0,0,0
20,7700,1972,882,1,5,461,112500,0,0,1,0,0,0,0,0,0,0,0,0,0
20,9300,1960,1268,1,6,461,167500,0,0,1,0,0,0,0,0,0,0,0,0,0
20,9520,2007,1638,1,7,800,293077,0,0,1,0,0,0,0,0,0,0,0,0,0
50,9492,1941,768,1,6,240,105000,0,0,1,0,0,0,0,0,0,0,0,0,0
160,1680,1972,672,1,7,264,118000,0,0,0,1,0,0,0,0,0,0,0,0,0
190,7082,1916,686,2,10,0,160000,0,1,0,0,0,0,0,0,0,0,0,0,0
75,15863,1920,824,1,12,672,197000,0,0,1,0,0,0,0,0,0,0,0,0,0
60,14541,1993,1338,1,10,796,310000,0,0,1,0,0,0,0,0,1,0,0,0,0
20,8125,2002,1654,1,6,900,230000,0,0,1,0,0,0,0,0,0,0,0,0,0
30,6305,1938,920,1,5,240,119750,0,0,1,0,0,1,0,0,0,0,0,0,0
20,11500,1957,0,1,5,290,84000,0,0,1,0,1,0,1,0,0,0,0,0,0
20,12898,2007,1620,1,6,912,315500,0,0,1,0,0,0,0,0,0,0,0,0,0
60,9240,2001,1055,1,7,905,287000,0,0,1,0,0,0,0,0,0,0,0,0,0
160,1533,1970,546,1,6,0,97000,0,0,0,1,0,0,0,0,0,0,0,0,0
180,1477,1970,630,1,3,286,80000,0,0,0,1,0,0,0,0,0,0,0,0,0
20,13125,1957,1134,1,8,484,155000,0,0,1,0,0,0,0,0,0,0,1,0,0
60,9130,1966,800,1,7,484,173000,0,0,1,0,0,0,0,1,0,0,0,0,0
120,5381,2005,1306,1,5,624,196000,0,0,1,0,0,0,0,0,0,1,0,0,0
60,11839,1990,1475,1,10,514,262280,0,0,1,0,0,0,0,0,0,0,0,0,0
20,9600,1981,2524,1,9,542,278000,0,0,1,0,0,0,0,1,0,0,0,0,0
20,13680,1955,0,1,8,452,139600,0,0,1,0,1,0,1,0,0,0,0,0,0
60,16056,2005,1992,1,11,716,556581,0,0,1,0,0,0,0,0,0,0,0,1,0
20,9245,1994,990,1,5,672,145000,0,0,1,0,0,0,0,0,0,0,0,0,0
20,21750,1960,0,1,9,336,115000,0,0,1,0,0,0,0,0,0,0,0,0,0
20,11100,1946,0,1,6,308,84900,0,0,1,0,0,0,1,0,0,0,0,0,0
20,8993,2007,1302,1,6,436,176485,0,0,1,0,0,0,0,0,0,0,0,0,0
20,11175,2007,1316,1,6,440,200141,0,0,1,0,0,0,0,0,0,0,0,0,0
60,9500,1964,816,1,9,540,165000,0,0,1,0,0,0,0,0,0,0,0,0,0
20,8562,1957,1216,1,7,364,144500,0,0,1,0,0,0,1,0,0,0,0,0,0
60,11367,2002,1065,1,7,586,255000,0,0,1,0,0,0,0,0,0,0,0,0,0
20,11361,1976,1193,1,7,478,180000,0,0,1,0,0,0,0,1,0,0,0,0,0
120,7052,2005,1364,1,6,484,185850,0,0,1,0,0,0,0,0,0,1,0,0,0
60,29959,1994,973,1,7,467,248000,0,0,1,0,0,0,0,0,1,0,0,0,0
60,11308,2008,1104,1,10,836,335000,0,0,1,0,0,0,0,0,0,1,0,0,0
50,11275,1932,854,1,7,432,220000,0,0,1,0,0,1,0,0,0,0,0,0,0
120,4920,2001,1338,1,6,582,213500,0,0,1,0,0,0,0,0,0,0,0,1,0
30,18000,1935,894,1,6,1248,81000,0,0,0,0,0,0,0,0,0,0,0,0,0
190,13600,1900,662,2,10,560,90000,0,0,0,1,0,0,0,0,0,0,0,0,0
30,6000,1925,1103,1,5,440,110500,0,0,0,1,0,0,0,0,0,0,0,0,0
20,11000,1966,1154,1,6,480,154000,0,0,1,0,1,0,0,0,0,0,0,0,0
60,14000,1996,1306,1,7,533,328000,0,0,1,0,0,0,0,0,0,0,0,0,0
60,7837,1993,799,1,7,380,178000,0,0,1,0,0,0,0,0,0,0,0,0,0
60,9760,1964,780,1,7,442,167900,0,0,1,0,0,0,0,0,0,0,0,0,0
160,3964,1973,942,1,10,576,151400,0,0,0,1,0,0,0,0,0,0,0,0,0
45,9600,1949,845,1,4,576,135000,0,0,1,0,0,0,0,0,0,0,0,0,0
20,10152,1956,1048,1,6,286,135000,0,0,1,0,0,0,0,0,0,0,0,0,0
60,11700,1968,727,1,8,441,154000,0,0,1,0,0,0,0,1,0,0,0,0,0
50,7585,1948,810,1,7,280,91500,0,0,1,0,0,0,1,0,0,0,0,0,0
60,7950,1977,690,1,6,440,159500,0,0,1,0,0,0,1,0,0,0,0,0,0
20,8556,2006,1240,1,5,826,194000,0,0,1,0,0,0,0,0,0,0,0,0,0
70,13125,1940,800,1,6,240,219500,0,0,1,0,0,1,0,0,0,0,0,0,0
50,10800,1936,796,1,7,566,170000,0,0,1,0,0,0,0,0,0,0,0,0,0
20,15870,1969,1096,1,6,299,138800,0,0,1,0,0,0,0,0,0,0,0,0,0
120,4435,2004,848,1,3,420,155900,0,0,0,1,0,0,0,0,0,0,0,0,0
20,8775,1994,990,1,5,299,126000,0,0,1,0,0,0,0,0,0,0,0,0,0
20,11040,1971,1258,1,5,528,145000,0,0,1,0,0,0,0,1,0,0,0,0,0
20,7500,1963,1040,1,5,308,133000,0,0,1,0,0,0,0,0,0,0,1,0,0
20,8749,2002,1459,1,6,527,192000,0,0,1,0,0,0,0,0,0,0,0,0,0
20,8800,1964,1251,1,6,461,160000,0,0,1,0,0,0,0,0,0,0,0,0,0
60,13031,1995,691,1,6,409,187500,0,0,1,0,0,0,0,0,0,0,0,0,0
85,9069,1992,936,1,5,564,147000,0,0,1,0,0,0,0,0,0,0,0,0,0
160,1974,1973,546,1,6,286,83500,0,0,0,1,0,0,0,0,0,0,0,0,0
60,10574,2005,1082,1,9,1043,252000,1,0,0,0,0,0,0,0,0,0,0,0,0
160,2522,2004,970,1,7,380,137500,0,0,0,1,0,0,1,0,0,0,0,0,0
120,3316,2005,1247,1,4,550,197000,1,0,0,0,0,0,0,0,0,0,0,0,0
90,8544,1950,0,2,6,400,92900,0,0,1,0,0,0,0,0,0,0,0,0,0
160,2160,1999,600,1,4,462,160000,1,0,0,0,0,0,0,0,0,0,0,0,0
50,8400,1925,1181,1,7,576,136500,0,0,1,0,0,0,0,0,0,0,0,0,0
20,9230,1965,864,1,6,884,146000,0,0,1,0,0,0,0,0,0,0,0,0,0
20,5868,1956,936,1,4,308,129000,0,0,1,0,0,0,0,0,0,0,0,0,0
20,9317,2006,1314,1,6,440,176432,0,0,1,0,0,0,0,0,0,0,0,0,0
70,6882,1914,684,1,7,0,127000,0,0,0,1,0,0,0,0,0,0,0,0,0
120,3696,1986,1074,1,5,461,170000,0,0,1,0,0,0,0,0,0,0,0,1,0
50,6000,1936,672,1,6,240,128000,0,0,0,1,0,0,0,0,0,0,0,0,0
20,11880,1978,1271,1,7,478,157000,0,0,1,0,0,0,0,1,0,0,0,0,0
30,8400,1920,290,1,3,246,60000,0,0,1,0,0,0,0,0,0,0,0,0,0
20,9758,1971,950,1,5,280,119500,0,0,1,0,0,0,0,0,0,0,0,0,0
20,7000,1960,1010,1,6,254,135000,0,0,1,0,0,0,0,0,0,0,0,0,0
20,8910,1959,655,1,6,539,159500,0,0,1,0,0,0,0,0,0,0,0,0,0
160,2016,1970,630,1,6,440,106000,0,0,0,1,0,0,0,0,0,0,0,0,0
60,12256,1994,1463,1,9,712,325000,0,0,1,0,0,0,0,0,1,0,0,0,0
20,10357,1990,910,1,6,719,179900,0,0,1,0,0,0,0,0,0,0,0,0,0
60,23257,2006,868,1,9,422,274725,0,0,1,0,1,0,0,0,0,0,0,0,0
60,8063,2000,924,1,7,463,181000,0,0,1,0,0,0,0,0,0,0,0,0,0
20,11362,2004,1836,1,7,862,280000,0,0,1,0,0,0,0,0,0,1,0,0,0
60,8000,1995,773,1,8,431,188000,0,0,1,0,0,0,0,0,0,0,0,0,0
60,10480,1976,803,1,8,483,205000,0,0,1,0,0,0,0,1,0,0,0,0,0
20,7100,1957,816,1,5,308,129900,0,0,1,0,0,0,0,0,0,0,0,0,0
20,8923,1953,1008,1,6,240,134500,0,0,1,0,0,0,0,0,0,0,0,0,0
20,5400,1954,833,1,4,326,117000,0,0,1,0,0,0,0,0,0,0,0,0,0
20,12085,2007,1734,1,7,928,318000,0,0,1,0,0,0,0,0,0,1,0,0,0
80,7750,2002,408,1,7,527,184100,0,0,1,0,0,0,0,0,0,0,0,0,0
20,9764,1967,894,1,5,450,130000,0,0,1,0,0,0,0,0,0,0,1,0,0
80,13825,1958,533,1,6,300,140000,0,0,1,0,0,0,0,0,0,0,1,0,0
20,7560,1959,1040,1,6,286,133700,0,0,1,0,0,0,0,0,0,0,0,0,0
30,8263,1920,1012,1,6,308,118400,0,0,0,1,0,0,0,0,0,0,0,0,0
20,10084,2005,1552,1,7,782,212900,0,0,1,0,0,0,0,0,0,0,0,0,0
20,8926,1956,672,1,5,288,112000,0,0,1,0,0,0,1,0,0,0,0,0,0
20,9405,1947,698,1,4,0,118000,0,0,1,0,0,0,1,0,0,0,0,0,0
80,9125,1992,384,1,7,392,163900,0,0,1,0,0,0,0,0,0,0,0,0,0
20,10434,1955,1005,1,5,672,115000,0,0,1,0,0,0,0,0,0,0,0,0,0
120,3684,2007,1373,1,7,660,174000,0,0,1,0,0,0,0,0,0,0,0,0,0
20,14572,2004,1530,1,7,630,259000,0,0,1,0,0,0,0,0,0,0,0,0,0
60,11796,2004,847,1,8,434,215000,0,0,1,0,0,0,0,0,0,0,0,0,0
90,7200,1980,936,1,4,672,140000,0,0,0,1,0,0,0,0,0,0,0,0,0
50,7804,1928,1122,1,7,576,135000,0,0,1,0,0,0,0,0,0,0,0,0,0
20,10712,1991,974,1,5,0,93500,0,0,1,0,0,0,0,0,0,0,0,0,0
70,9900,1880,1008,1,8,205,117500,0,0,0,1,0,0,0,0,0,0,0,0,0
60,9828,1995,1128,1,8,466,239500,0,0,1,0,0,0,0,0,0,0,0,0,0
60,8773,1997,916,1,7,460,169000,0,0,1,0,0,0,0,0,0,0,0,0,0
30,6180,1926,960,1,5,180,102000,0,0,0,1,0,0,0,0,0,0,0,0,0
50,9600,1950,1032,1,6,288,119000,0,0,1,0,0,0,0,0,0,0,0,0,0
50,6342,1875,780,1,6,0,94000,0,0,1,0,0,0,0,0,0,0,1,0,0
20,9819,1977,1567,1,5,714,196000,0,0,1,0,0,0,0,0,0,0,0,0,0
30,8731,1920,915,1,6,495,144000,0,0,1,0,0,0,0,0,0,0,0,0,0
20,7350,1951,952,1,4,840,139000,0,0,1,0,0,0,0,0,0,0,0,0,0
60,10304,1976,780,1,9,484,197500,0,0,1,0,1,0,0,1,0,0,0,0,0
60,9965,2006,1466,1,11,1052,424870,0,0,1,0,0,0,0,0,0,0,0,0,0
20,9000,1959,1006,1,5,0,80000,0,0,1,0,0,0,0,0,0,0,1,0,0
190,12180,1941,672,1,5,280,80000,0,0,1,0,0,0,1,0,0,0,0,0,0
50,6240,1928,1042,1,8,225,149000,0,0,0,1,0,0,0,0,0,0,0,0,0
20,11200,1985,1298,1,5,403,180000,0,0,1,0,0,0,0,0,0,0,0,0,0
70,12000,1941,704,1,7,234,174500,0,0,1,0,0,1,0,0,0,0,0,0,0
50,5700,1926,572,1,5,288,116900,0,0,0,1,0,0,0,0,0,0,0,0,0
70,9000,1920,650,1,7,324,143000,0,0,0,1,0,0,0,0,0,0,0,0,0
20,8280,1950,932,1,4,306,124000,0,0,1,0,0,0,0,0,0,0,0,0,0
20,17755,1959,1466,1,6,528,149900,0,0,1,0,0,0,1,0,0,0,0,0,0
20,14115,1956,1073,1,6,470,230000,0,0,1,0,0,1,0,0,0,0,0,0,0
30,5890,1930,816,1,5,432,120500,0,0,0,1,0,0,0,0,0,0,0,0,0
60,13700,1965,864,1,8,492,201800,0,0,1,0,0,0,0,0,0,0,0,0,0
20,10768,1976,1437,1,6,528,218000,0,0,1,0,0,0,0,0,0,0,0,0,1
80,9350,1965,1219,1,6,502,179900,0,0,1,0,0,0,0,0,0,0,0,0,0
120,5001,2007,1314,1,6,626,230000,0,0,1,0,0,0,0,0,0,1,0,0,0
20,11932,2007,1580,1,7,830,235128,0,0,1,0,0,0,0,0,0,0,0,0,0
60,9120,1974,901,1,8,540,185000,0,0,1,0,0,0,0,1,0,0,0,0,0
160,2280,1978,855,1,7,440,146000,0,0,1,0,0,0,0,0,0,0,0,0,0
20,14778,1954,1296,1,7,924,224000,0,0,1,0,1,1,0,0,0,0,0,0,0
20,8724,1968,894,1,5,450,129000,0,0,1,0,0,0,0,0,0,0,1,0,0
90,12900,1969,1198,2,6,400,108959,0,0,1,0,0,0,0,0,0,0,1,0,0
80,16157,1978,1360,1,5,588,194000,0,0,1,0,0,0,0,0,0,0,0,0,1
20,9541,2009,1502,1,7,644,233170,0,0,1,0,0,0,0,0,0,1,0,0,0
20,10475,2008,1694,1,7,776,245350,0,0,1,0,0,0,0,0,0,0,0,0,0
60,10852,2000,959,1,7,472,173000,0,0,1,0,0,0,0,0,0,0,0,0,0
70,13728,1935,1127,1,7,540,235000,0,0,1,0,0,0,1,0,0,0,0,0,0
60,35760,1995,1930,1,10,807,625000,0,0,1,0,1,0,0,0,1,0,0,0,0
80,9880,1977,1096,1,6,358,171000,0,0,1,0,0,0,0,0,0,0,0,0,0
20,9120,1958,1261,1,6,433,163000,0,0,1,0,0,0,0,0,0,0,0,0,0
160,4017,2006,625,1,5,625,171900,1,0,0,0,0,0,0,0,0,0,0,0,0
50,18030,1946,1598,1,12,0,200500,0,0,1,0,0,0,0,0,0,0,0,0,0
70,16560,1932,952,1,9,360,239000,0,0,1,0,0,1,0,0,0,0,0,0,0
50,10678,1992,1683,1,9,541,285000,0,0,1,0,0,0,0,0,1,0,0,0,0
20,6951,1984,876,1,5,264,119500,0,0,1,0,1,0,0,0,0,0,0,0,0
50,3950,1926,818,1,5,210,115000,0,0,0,1,0,0,0,0,0,0,0,0,0
50,7681,1921,731,1,7,186,154900,0,0,1,0,0,1,0,0,0,0,0,0,0
20,8335,1954,0,1,5,0,93000,0,0,1,0,0,0,1,0,0,0,0,0,0
60,11170,1990,1216,1,8,693,250000,0,0,1,0,0,0,0,0,0,0,0,0,0
120,5587,2008,1600,1,5,482,392500,0,0,0,1,0,1,0,0,0,0,0,0,0
60,15623,1996,2396,1,10,813,745000,0,0,1,0,0,0,0,0,1,0,0,0,0
30,10800,1920,1120,1,5,720,120000,0,0,1,0,0,0,0,0,0,0,0,0,0
20,35133,1963,1572,1,5,995,186700,0,0,1,0,0,0,0,0,0,0,0,0,0
50,9738,1924,784,1,7,392,104900,0,0,1,0,0,0,1,0,0,0,0,0,0
190,10615,1900,978,2,7,420,95000,0,0,1,0,0,0,0,0,0,0,0,0,0
20,12461,1994,1624,1,5,757,262000,0,0,1,0,0,0,0,0,1,0,0,0,0
60,8935,2002,831,1,7,493,195000,0,0,1,0,0,0,0,0,0,0,0,0,0
60,7500,1999,994,1,7,442,189000,0,0,1,0,0,0,0,0,0,0,0,0,0
190,32463,1961,1249,1,7,1356,168000,0,0,1,0,0,0,0,0,0,0,0,0,0
160,2645,1999,776,1,5,492,174000,1,0,0,0,0,0,0,0,0,0,0,0,0
50,9600,1925,702,1,6,250,125000,0,0,0,1,0,0,0,0,0,0,0,0,0
120,4500,1999,1224,1,5,402,165000,0,0,0,1,0,0,0,0,0,0,0,0,0
60,9364,1969,663,1,7,299,158000,0,0,1,0,0,0,0,0,0,0,1,0,0
60,8029,2005,728,1,8,400,176000,0,0,1,0,0,0,0,0,0,0,0,0,0
60,14054,2006,879,1,9,660,219210,0,0,1,0,0,0,0,0,0,0,0,0,0
75,8850,1916,815,1,7,225,144000,0,0,0,1,0,0,0,0,0,0,0,0,0
20,9100,2001,1212,1,6,573,178000,0,0,1,0,0,0,0,0,0,0,0,0,0
20,11235,1963,1051,1,6,459,148000,0,0,1,0,0,0,0,0,0,0,1,0,0
20,9353,1970,864,1,5,280,116050,0,0,1,0,0,0,0,0,0,0,0,0,0
60,10400,1998,866,1,6,546,197900,0,0,1,0,0,0,0,0,0,0,0,0,0
50,6000,1925,884,1,5,216,117000,0,0,0,1,0,0,0,0,0,0,0,0,0
20,9750,2000,1630,1,6,451,213000,0,0,1,0,0,0,0,0,0,0,0,0,0
20,10140,1975,1056,1,6,495,153500,0,0,1,0,0,0,0,1,0,0,0,0,0
20,14684,1990,2158,1,7,701,271900,0,0,1,0,1,0,0,0,0,0,0,0,0
20,8900,1966,1056,1,5,384,107000,0,1,0,0,0,0,0,0,0,0,0,0,0
20,9135,2003,1682,1,7,544,200000,0,0,1,0,0,0,0,0,0,0,0,0,0
20,7763,1962,931,1,6,506,140000,0,0,1,0,0,0,0,0,0,0,0,0,0
20,10182,2006,1660,1,8,500,290000,0,0,1,0,1,0,0,0,0,0,0,0,0
60,11218,1992,1055,1,8,462,189000,0,0,1,0,0,0,0,0,0,0,0,0,0
50,12134,1988,559,1,8,492,164000,0,0,1,0,0,0,0,0,0,0,0,0,0
30,9340,1941,672,1,4,234,113000,0,0,1,0,0,0,1,0,0,0,0,0,0
80,10246,1965,648,1,3,364,145000,0,0,1,0,1,0,0,0,0,0,1,0,0
85,10205,1962,925,1,6,300,134500,0,0,1,0,0,0,0,0,0,0,0,0,0
20,7094,1966,894,1,5,384,125000,0,0,1,0,0,0,0,0,0,0,1,0,0
90,8930,1978,0,2,8,539,112000,0,0,0,1,0,0,0,0,0,0,1,0,0
20,8640,2009,1300,1,6,552,229456,1,0,0,0,0,0,0,0,0,0,0,0,0
50,6240,1947,0,1,3,0,80500,0,0,0,1,0,0,0,0,0,0,0,0,0
160,1680,1971,672,1,7,0,91500,0,0,0,1,0,0,0,0,0,0,0,0,0
20,7800,1964,912,1,5,288,115000,0,0,1,0,0,0,0,0,0,0,0,0,0
20,8250,1968,952,1,5,322,134000,0,0,1,0,0,0,0,0,0,0,1,0,0
50,10496,1949,1040,1,7,315,143000,0,0,1,0,0,0,0,0,0,0,0,0,0
20,10680,1951,2136,1,7,528,137900,0,0,1,0,0,0,0,0,0,0,0,0,0
60,15384,2004,788,1,8,388,184000,0,0,1,0,0,0,0,0,0,0,0,0,0
80,10482,1958,588,1,6,264,145000,0,0,1,0,0,0,0,0,0,0,0,0,0
60,14598,2007,894,1,9,668,214000,0,0,1,0,1,0,0,0,0,0,0,0,0
20,8872,1965,912,1,5,576,147000,0,0,1,0,0,0,0,0,0,0,0,0,0
120,8769,2008,1702,1,7,1052,367294,0,0,1,0,0,0,0,0,0,1,0,0,0
80,7910,1960,1075,1,7,404,127000,0,0,1,0,0,0,0,0,0,0,0,0,0
90,18890,1977,1361,2,12,600,190000,0,0,1,0,0,0,0,0,0,0,1,0,0
90,7728,1962,1106,1,6,540,132500,0,0,1,0,0,0,0,0,0,0,0,0,0
90,9842,1962,0,2,6,462,101800,0,0,1,0,0,0,0,0,0,0,0,0,0
20,12160,1959,1188,1,6,531,142000,0,0,1,0,0,0,0,0,0,0,0,0,0
70,8525,1911,940,1,7,0,130000,0,1,0,0,0,0,0,0,0,0,0,0,0
70,13132,1914,747,1,9,180,138887,0,0,1,0,0,1,0,0,0,0,0,0,0
160,2628,2003,764,1,6,474,175500,0,0,1,0,0,0,0,0,0,1,0,0,0
60,12393,2004,847,1,8,434,195000,0,0,1,0,0,0,0,0,0,0,0,0,0
20,13072,2005,1141,1,6,484,142500,0,0,1,0,0,0,0,0,0,0,0,0,0
20,9037,2006,1476,1,6,472,265900,0,0,1,0,0,0,0,0,0,0,0,0,0
60,8158,2003,884,1,8,543,224900,0,0,1,0,0,0,0,0,0,0,0,0,0
20,9849,2007,1689,1,7,954,248328,0,0,1,0,0,0,0,0,0,0,0,0,0
85,10625,1974,1053,1,6,528,170000,0,0,1,0,0,0,0,1,0,0,0,0,0
20,13891,2006,2076,1,7,850,465000,0,0,1,0,0,0,0,0,0,1,0,0,0
70,11435,1929,792,1,7,400,230000,0,0,1,0,0,1,0,0,0,0,0,0,0
80,12090,1984,585,1,7,477,178000,0,0,1,0,0,0,0,1,0,0,0,0,0
60,8125,2005,756,1,6,615,186500,1,0,0,0,0,0,0,0,0,0,0,0,0
80,12328,1976,1012,1,6,888,169900,0,0,1,0,0,0,0,0,0,0,0,0,0
75,9600,1917,735,1,8,396,129500,0,0,0,1,0,0,0,0,0,0,0,0,0
20,7200,1950,876,1,6,276,119000,0,0,1,0,0,0,0,0,0,0,0,0,0
20,11160,1968,2110,1,8,522,244000,0,0,1,0,0,0,0,0,0,0,0,0,0
120,3136,2003,1405,1,6,478,171750,0,0,1,0,0,0,0,0,0,1,0,0,0
20,9858,1968,864,1,5,288,130000,0,0,1,0,0,0,0,0,0,0,0,0,0
60,17542,1974,1192,1,9,518,294000,0,0,1,0,0,0,0,0,0,0,0,0,1
60,6931,2003,746,1,7,397,165400,0,0,1,0,0,0,1,0,0,0,0,0,0
50,6240,1931,884,1,6,560,127500,0,0,0,1,0,0,0,0,0,0,0,0,0
20,14303,1994,1986,1,7,691,301500,0,0,1,0,0,0,0,0,1,0,0,0,0
30,4060,1922,864,1,4,0,99900,0,0,1,0,0,0,1,0,0,0,0,0,0
80,9587,2005,856,1,5,400,190000,0,0,1,0,0,0,0,0,0,0,0,0,0
20,9750,1969,1054,1,6,460,151000,0,0,1,0,0,0,0,0,0,0,0,0,0
60,24682,1999,841,1,7,502,181000,0,0,1,0,1,0,0,0,0,0,0,0,0
20,9600,1956,1050,1,5,338,128900,0,0,1,0,0,0,0,0,0,0,0,0,0
50,11250,1957,1104,1,8,304,161500,0,0,1,0,0,0,0,0,0,0,0,0,0
70,13515,1919,764,1,8,520,180500,0,0,1,0,0,0,0,0,0,0,0,0,0
120,4060,1998,1405,1,5,511,181000,0,1,0,0,0,0,0,0,0,0,0,0,0
160,3735,1999,691,1,6,506,183900,1,0,0,0,0,0,0,0,0,0,0,0,0
190,10120,1910,925,2,9,308,122000,0,0,0,1,0,0,0,0,0,0,0,0,0
20,13214,2008,2002,1,10,746,378500,0,0,1,0,0,0,0,0,0,0,0,0,0
50,14100,1935,728,1,11,1014,381000,0,0,1,0,0,1,0,0,0,0,0,0,0
50,11344,1958,874,1,7,315,144000,0,0,1,0,0,0,0,0,0,0,0,0,0
40,23595,1979,1332,1,4,586,260000,0,0,1,0,0,0,0,0,0,0,0,0,0
20,9156,1968,1489,1,7,462,185750,0,0,1,0,0,0,0,1,0,0,0,0,0
20,13526,1965,935,1,5,288,137000,0,0,1,0,1,0,0,0,0,0,1,0,0
80,11512,1959,1019,1,5,312,177000,0,0,1,0,0,0,1,0,0,0,0,0,0
50,5362,1910,661,1,8,552,139000,0,0,1,0,0,1,0,0,0,0,0,0,0
90,11345,1948,928,2,10,400,137000,0,0,1,0,0,0,0,0,0,0,0,0,0
60,12936,1972,723,1,6,497,162000,0,0,1,0,1,0,0,1,0,0,0,0,0
80,17871,1967,1680,1,7,480,197900,0,0,1,0,1,0,0,1,0,0,0,0,0
60,9473,2002,1128,1,7,577,237000,0,0,1,0,0,0,0,0,0,0,0,0,0
50,7500,1920,698,1,6,528,68400,0,0,0,0,0,0,0,0,0,0,0,0,0
20,9808,2002,1573,1,6,544,227000,0,0,1,0,0,0,0,0,0,0,0,0,0
20,8049,1990,1309,1,6,484,180000,0,0,1,0,1,0,0,0,0,0,0,0,0
20,8800,1977,1040,1,5,484,150500,0,0,1,0,0,0,0,0,0,0,0,0,0
90,9400,1971,912,2,8,0,139000,0,0,1,0,0,0,0,0,0,0,0,0,0
50,9638,1919,804,1,10,336,169000,0,0,1,0,0,0,0,0,0,0,0,0,0
50,6000,1939,780,1,6,280,132500,0,0,0,1,0,0,0,0,0,0,0,0,0
20,9790,1963,1328,1,6,528,143000,0,0,1,0,0,0,0,1,0,0,0,0,0
20,36500,1964,1624,1,7,390,190000,0,0,1,0,0,0,0,0,0,0,0,0,0
120,5664,2000,1501,1,5,499,278000,0,0,1,0,0,0,0,0,0,0,0,1,0
60,11065,2006,1085,1,8,753,281000,0,0,1,0,0,0,0,0,0,1,0,0,0
80,14112,1964,1152,1,6,484,180500,0,0,1,0,0,0,0,0,0,0,0,0,0
160,1680,1972,630,1,6,264,119500,0,0,0,1,0,0,0,0,0,0,0,0,0
70,6600,1892,994,2,11,432,107500,0,0,0,1,0,0,0,0,0,0,0,0,0
60,10140,1976,832,1,8,528,162900,0,0,1,0,0,0,0,1,0,0,0,0,0
20,8172,1955,864,1,5,572,115000,0,0,1,0,0,0,1,0,0,0,0,0,0
20,8400,1968,1052,1,5,288,138500,0,0,1,0,0,0,0,0,0,0,0,0,0
20,8700,1963,1120,1,6,525,155000,0,0,1,0,0,0,0,0,0,0,0,0,0
180,3675,2005,547,1,5,525,140000,0,0,0,1,0,0,1,0,0,0,0,0,0
60,63887,2008,6110,1,12,1418,160000,0,0,1,0,0,0,1,0,0,0,0,0,0
20,7500,1959,1246,1,6,305,154000,0,0,1,0,0,0,0,0,0,0,0,0,0
60,10762,1999,978,1,9,490,225000,0,0,1,0,1,0,0,0,0,0,0,0,0
70,7500,1942,771,1,7,213,177500,0,0,1,0,0,1,0,0,0,0,0,0,0
60,10120,1994,1165,1,8,844,290000,0,0,1,0,0,0,0,0,1,0,0,0,0
20,8688,2005,1616,1,7,834,232000,0,0,1,0,0,0,0,0,0,0,0,0,0
160,3363,2004,976,1,7,380,130000,0,0,0,1,0,0,1,0,0,0,0,0,0
20,13173,2006,1652,1,6,840,325000,0,0,1,0,0,0,0,0,0,1,0,0,0
120,6955,2005,1368,1,6,474,202500,0,0,1,0,0,0,0,0,0,1,0,0,0
20,8072,1994,990,1,5,480,138000,0,0,1,0,0,0,0,0,0,0,0,0,0
20,12000,1948,924,1,6,528,147000,0,0,0,1,0,0,0,0,0,0,0,0,0
20,7153,1991,1278,1,6,496,179200,0,0,1,0,0,0,0,0,0,0,0,0,0
20,17500,1959,1902,1,7,567,335000,0,0,1,0,0,1,0,0,0,0,0,0,0
20,8814,2005,1274,1,6,508,203000,0,0,1,0,0,0,0,0,0,0,0,0,0
60,9572,1990,1453,1,9,750,302000,0,0,1,0,0,0,0,0,1,0,0,0,0
60,14774,1999,1393,1,10,779,333168,0,0,1,0,0,0,0,0,1,0,0,0,0
20,8190,1954,948,1,5,280,119000,0,0,1,0,0,0,1,0,0,0,0,0,0
60,11075,1969,952,1,9,576,206900,0,0,1,0,0,0,0,0,0,0,0,0,0
20,10226,2008,1622,1,8,860,295493,0,0,1,0,0,0,0,0,0,0,0,0,0
120,4230,2006,1352,1,5,466,208900,1,0,0,0,0,0,0,0,0,0,0,0,0
20,14781,2001,1753,1,7,748,275000,0,0,1,0,1,0,0,0,0,0,0,0,0
20,10215,1954,864,1,5,248,111000,0,0,1,0,0,0,1,0,0,0,0,0,0
20,8400,1957,1478,1,6,442,156500,0,0,1,0,0,0,0,0,0,0,0,0,0
20,6627,1949,0,1,4,287,72500,0,0,1,0,0,0,0,0,0,0,0,0,0
60,10186,1992,750,1,8,564,190000,0,0,1,0,0,0,0,0,1,0,0,0,0
30,5330,1940,420,1,5,0,82500,0,0,1,0,0,0,0,0,0,0,0,0,0
20,9986,2006,1795,1,7,895,147000,0,0,1,0,0,0,0,0,0,0,0,0,0
30,3636,1922,796,1,5,0,55000,0,0,0,1,0,0,0,0,0,0,0,0,0
30,4270,1931,544,1,6,0,79000,0,1,0,0,0,0,1,0,0,0,0,0,0
20,6600,1982,816,1,5,264,130500,0,0,1,0,0,0,0,0,0,0,0,0,0
50,10440,1920,1510,1,8,520,256000,0,0,0,1,0,0,0,0,0,0,0,0,0
60,9084,1998,935,1,8,462,176500,0,0,1,0,0,0,0,0,0,0,0,0,0
20,10000,2006,1588,1,7,825,227000,0,0,1,0,0,0,0,0,0,0,0,0,0
80,10780,1976,911,1,6,576,132500,0,0,1,0,0,0,0,0,0,0,0,0,0
20,8877,1938,816,1,3,288,100000,0,0,1,0,0,0,1,0,0,0,0,0,0
50,7200,1938,803,1,6,297,125500,0,0,0,1,0,0,0,0,0,0,0,0,0
160,2368,1970,765,1,7,440,125000,0,0,0,1,0,0,0,0,0,0,0,0,0
20,9650,1977,1350,1,6,630,167900,0,0,1,0,0,0,0,1,0,0,0,0,0
90,9246,1973,1656,2,8,506,135000,0,0,1,0,0,0,0,1,0,0,0,0,0
30,4118,1941,693,1,4,0,52500,0,0,0,1,0,0,0,0,0,0,0,0,0
60,13450,2002,916,1,8,492,200000,0,0,1,0,0,0,0,0,0,0,0,0,0
20,9560,1972,864,1,5,288,128500,0,0,1,0,0,0,0,0,0,0,0,0,0
20,8294,1971,858,1,5,480,123000,0,0,1,0,0,0,0,0,0,0,0,0,0
20,13695,2003,1114,1,6,576,155000,0,0,1,0,0,0,0,0,0,0,0,0,0
60,9375,2002,1284,1,7,647,228500,0,0,1,0,0,0,0,0,0,0,0,0,0
50,7558,1928,896,1,9,342,177000,0,0,1,0,0,1,0,0,0,0,0,0,0
60,11103,2006,728,1,8,440,155835,0,0,1,0,0,0,0,0,0,0,0,0,0
30,6000,1920,960,1,5,308,108500,0,0,0,1,0,0,0,0,0,0,0,0,0
20,20781,1968,1568,1,9,508,262500,0,0,1,0,1,0,0,1,0,0,0,0,0
20,15306,2006,1732,1,7,712,283463,0,0,1,0,0,0,0,0,0,0,0,0,0
20,16196,1998,1482,1,5,514,215000,0,0,1,0,0,0,0,0,0,0,0,0,0
70,5250,1872,684,1,8,0,122000,0,0,0,1,0,0,0,0,0,0,0,0,0
90,11643,1969,1248,2,12,968,200000,0,0,1,0,0,0,0,0,0,0,0,0,0
60,9247,1962,858,1,8,490,171000,0,0,1,0,0,0,0,0,0,0,0,0,0
50,6000,1937,698,1,4,624,134900,0,0,0,1,0,0,0,0,0,0,0,0,0
50,14720,1995,2033,1,9,666,410000,0,0,1,0,1,0,0,0,1,0,0,0,0
60,10316,2000,992,1,7,839,235000,0,0,1,0,0,0,0,0,0,0,0,0,0
80,10192,1968,570,1,8,487,170000,0,0,1,0,0,0,0,1,0,0,0,0,0
20,9477,1966,864,1,5,264,110000,0,0,1,0,0,0,0,0,0,0,0,0,0
20,12537,1971,1078,1,6,500,149900,0,0,1,0,1,0,0,0,0,0,0,0,0
160,2117,2000,756,1,5,440,177500,1,0,0,0,0,0,0,0,0,0,0,0,0
20,16737,2004,1980,1,8,770,315000,0,0,1,0,0,0,0,0,0,1,0,0,0
70,9842,1921,612,1,8,621,189000,0,0,1,0,0,0,0,0,0,0,0,0,0
20,16158,2005,1530,1,7,430,260000,0,0,1,0,0,0,0,0,0,0,0,1,0
50,12513,1920,715,1,7,368,104900,0,0,1,0,0,0,0,0,0,0,0,0,0
60,8499,2006,616,1,6,432,156932,0,0,1,0,0,0,0,0,0,0,0,0,0
160,3180,2005,600,1,4,480,144152,1,0,0,0,0,0,0,0,0,0,0,0,0
60,7500,2000,814,1,7,663,216000,1,0,0,0,0,0,0,0,0,0,0,0,0
60,9179,1999,873,1,7,588,193000,0,0,1,0,0,0,0,0,0,0,0,0,0
160,2665,1977,757,1,6,336,127000,0,0,0,1,0,0,0,0,0,0,0,0,0
120,4435,2003,848,1,4,420,144000,0,0,0,1,0,0,0,0,0,0,0,0,0
20,10635,2003,1657,1,8,502,232000,0,0,1,0,0,0,0,0,0,0,0,0,0
50,5400,1920,840,1,6,338,105000,0,0,1,0,0,0,0,0,0,0,0,0,0
80,9600,1955,992,1,8,377,165500,0,0,1,0,0,0,0,0,0,0,0,0,0
60,9750,1998,1108,1,8,583,274300,0,0,1,0,0,0,0,0,0,0,0,0,0
20,11400,2001,2633,1,8,804,466500,0,0,1,0,0,0,0,0,1,0,0,0,0
60,10625,2005,1026,1,9,936,250000,1,0,0,0,0,0,0,0,0,0,0,0,0
20,10991,2007,1571,1,7,722,239000,0,0,1,0,0,0,0,0,0,0,0,0,0
30,6292,1930,768,1,4,160,91000,0,0,1,0,0,0,0,0,0,0,0,0,0
50,10998,1941,984,1,6,660,117000,0,0,1,0,0,0,1,0,0,0,0,0,0
160,1953,1973,483,1,5,264,83000,0,0,0,1,0,0,0,0,0,0,0,0,0
80,9735,2006,384,1,7,400,167500,0,0,1,0,0,0,0,0,0,0,0,0,0
30,8212,1914,864,1,5,200,58500,0,0,1,0,0,0,1,0,0,0,0,0,0
20,12925,1970,1205,1,7,550,237500,0,0,1,0,0,0,0,0,0,0,0,0,0
70,7200,1920,596,1,8,576,157000,0,0,0,1,0,0,0,0,0,0,0,0,0
30,25339,1918,816,1,7,576,112000,0,0,1,0,0,0,0,0,0,0,1,0,0
50,9060,1939,560,1,6,280,105000,0,0,1,0,0,0,1,0,0,0,0,0,0
50,5436,1922,796,1,7,240,125500,0,0,0,1,0,0,0,0,0,0,0,0,0
60,16692,1978,1392,1,12,564,250000,0,0,1,0,0,0,0,1,0,0,0,0,0
50,8520,1916,714,1,10,216,136000,0,0,0,1,0,0,0,0,0,0,0,0,0
20,14892,2006,1746,1,7,758,377500,0,0,1,0,1,0,0,0,0,0,0,0,0
50,6000,1941,735,1,6,440,131000,0,0,0,1,0,0,0,0,0,0,0,0,0
20,9100,2000,1525,1,6,541,235000,0,0,1,0,0,0,0,0,0,0,0,0,0
90,8944,1967,1584,2,8,792,124000,0,0,1,0,0,0,0,0,0,0,0,0,0
85,7838,1967,864,1,6,288,123000,0,0,1,0,0,0,0,0,0,0,0,0,0
190,10800,1905,482,2,7,672,163000,0,0,0,1,0,0,0,0,0,0,0,0,0
120,4045,2006,1356,1,6,648,246578,0,0,1,0,0,0,0,0,0,0,0,0,0
60,12665,2005,1094,1,9,642,281213,0,0,1,0,0,0,0,0,0,0,0,0,0
20,57200,1948,747,1,7,572,160000,0,0,1,0,0,0,0,0,0,0,0,0,0
70,6120,1920,939,1,8,180,137500,0,0,0,1,0,0,0,0,0,0,0,0,0
50,7200,1950,1208,1,7,240,138000,0,0,1,0,0,0,0,0,0,0,0,0,0
50,6171,1925,976,1,7,216,137450,0,0,1,0,0,0,0,0,0,0,0,0,0
50,6000,1929,862,1,5,208,120000,0,0,0,1,0,0,0,0,0,0,0,0,0
60,7415,2004,839,1,8,398,193000,0,0,1,0,0,0,0,0,0,0,0,0,0
20,6762,2006,1286,1,6,662,193879,0,0,1,0,0,0,0,0,0,0,0,0,0
20,15256,2007,1485,1,6,754,282922,0,0,1,0,1,0,0,0,0,0,0,0,0
50,10410,1915,672,1,6,936,105000,0,0,1,0,0,0,0,0,0,0,0,0,0
120,3842,2004,1594,1,5,482,275000,0,0,0,1,0,1,0,0,0,0,0,0,0
85,8445,1972,768,1,5,396,133000,0,0,1,0,0,0,0,0,0,0,0,0,0
20,8780,1985,833,1,5,0,112000,0,0,1,0,0,0,0,0,0,0,0,0,0
70,7740,1910,622,1,6,528,125500,0,0,0,1,0,0,0,0,0,0,0,0,0
60,20544,1986,791,1,7,542,215000,0,0,1,0,1,0,0,1,0,0,0,0,0
60,12420,2001,944,1,6,622,230000,0,0,1,0,0,0,0,0,0,0,0,0,0
50,9600,1950,856,1,6,271,140000,0,0,1,0,0,0,0,0,0,0,0,0,0
90,7200,1949,0,2,6,420,90000,0,0,1,0,0,0,0,0,0,0,0,0,0
20,10994,2005,1844,1,7,620,257000,0,0,1,0,0,0,0,0,0,0,0,0,0
50,13053,1923,833,1,8,370,207000,0,0,1,0,0,0,0,0,0,0,0,0,0
120,3635,2007,1386,1,7,660,175900,0,0,1,0,0,0,0,0,0,0,0,0,0
190,11340,1885,777,2,11,560,122500,0,0,0,1,0,0,0,0,0,0,0,0,0
60,16545,1998,1284,1,7,1069,340000,0,0,1,0,0,0,0,0,1,0,0,0,0
20,9204,1963,1144,1,6,336,124000,0,0,1,0,0,0,0,0,0,0,0,0,0
20,16381,1969,1844,1,7,540,223000,0,0,1,0,0,1,0,0,0,0,0,0,0
60,11700,1968,708,1,7,776,179900,0,0,1,0,0,0,0,1,0,0,0,0,0
120,4043,1977,1069,1,4,440,127500,0,0,1,0,0,0,0,0,0,0,0,0,0
120,4435,2003,848,1,3,420,136500,0,0,0,1,0,0,0,0,0,0,0,0,0
80,19690,1966,697,1,8,432,274970,0,0,1,0,1,0,1,0,0,0,0,0,0
20,9503,1958,1024,1,6,484,144000,0,0,1,0,0,0,0,0,0,0,0,0,0
20,10721,1959,1252,1,7,528,142000,0,0,1,0,0,0,0,0,0,0,0,0,0
60,10944,1994,1223,1,5,525,271000,0,0,1,0,0,0,0,0,1,0,0,0,0
50,10930,1945,913,1,6,288,140000,0,0,1,0,0,0,0,0,0,0,0,0,0
30,7200,1940,788,1,4,240,119000,0,0,0,1,0,0,0,0,0,0,0,0,0
20,12546,1981,1440,1,7,467,182900,0,0,1,0,0,0,0,1,0,0,0,0,0
60,21930,2005,732,1,7,372,192140,0,0,1,0,0,0,0,0,0,0,0,0,0
120,4928,1976,958,1,5,440,143750,0,0,1,0,0,0,0,0,0,0,0,0,0
30,10800,1927,656,1,5,216,64500,0,0,1,0,0,0,0,0,0,0,0,0,0
60,10261,2000,936,1,8,451,186500,0,0,1,0,0,0,0,0,0,0,0,0,0
20,17400,1977,1126,1,5,484,160000,0,0,1,0,0,0,0,0,0,0,0,0,0
20,8400,1962,1319,1,7,462,174000,0,0,1,0,0,0,0,0,0,0,0,0,0
20,9000,1971,864,1,5,528,120500,0,0,1,0,0,0,0,0,0,0,0,0,0
20,12444,2008,1932,1,7,774,394617,0,0,1,0,0,0,0,0,0,1,0,0,0
20,7407,1957,912,1,6,923,149700,0,0,0,1,0,0,0,0,0,0,0,0,0
60,11584,1979,539,1,6,550,197000,0,0,1,0,0,0,0,1,0,0,0,0,0
70,11526,1922,588,1,11,672,191000,0,0,1,0,0,1,0,0,0,0,0,0,0
120,4426,2004,848,1,3,420,149300,0,0,0,1,0,0,0,0,0,0,0,0,0
60,11003,2008,1017,1,10,812,310000,1,0,0,0,0,0,0,0,0,0,0,0,0
30,8854,1916,952,1,4,192,121000,0,0,1,0,0,0,0,0,0,0,0,0,0
20,8500,2004,1422,1,7,626,179600,0,0,1,0,0,0,0,0,0,0,0,0,0
85,8400,1966,814,1,6,240,129000,0,0,1,0,0,0,0,0,0,0,1,0,0
20,26142,1962,1188,1,6,312,157900,0,0,1,0,1,0,0,0,0,0,0,0,0
60,10000,1995,1220,1,8,556,240000,0,0,1,0,0,0,0,0,0,0,0,0,0
50,11767,1910,560,1,6,384,112000,0,0,1,0,0,0,1,0,0,0,0,0,0
180,1533,1970,630,1,3,0,92000,0,0,0,1,0,0,0,0,0,0,0,0,0
90,9000,1974,896,2,8,0,136000,0,0,1,0,0,0,0,0,0,0,0,0,0
20,9262,2008,1573,1,7,840,287090,0,0,1,0,0,0,0,0,0,0,0,0,0
180,3675,2005,547,1,5,525,145000,0,0,0,1,0,0,1,0,0,0,0,0,0
20,17217,2006,1140,1,6,0,84500,0,0,1,0,0,0,0,0,0,0,0,0,0
20,7500,2004,1221,1,6,400,185000,1,0,0,0,0,0,0,0,0,0,0,0,0
60,7917,1999,953,1,7,460,175000,0,0,1,0,0,0,0,0,0,0,0,0,0
20,13175,1978,1542,1,7,500,210000,0,0,1,0,0,0,0,1,0,0,0,0,0
70,9042,1941,1152,1,9,252,266500,0,0,1,0,0,1,0,0,0,0,0,0,0
20,9717,1950,1078,1,5,240,142125,0,0,1,0,0,0,0,0,0,0,0,0,0
20,9937,1965,1256,1,6,276,147500,0,0,1,0,0,0,1,0,0,0,0,0,0
