MSSubClass;MSZoning;LotArea;LotConfig;Neighborhood;YearBuilt;TotalBsmtSF;GrLivArea;FullBath;KitchenAbvGr;TotRmsAbvGrd;GarageArea;YrSold;SalePrice
60;RL;8450;Inside;CollgCr;2003;856;1710;2;1;8;548;2008;208500
20;RL;9600;FR2;Veenker;1976;1262;1262;2;1;6;460;2007;181500
60;RL;11250;Inside;CollgCr;2001;920;1786;2;1;6;608;2008;223500
70;RL;9550;Corner;Crawfor;1915;756;1717;1;1;7;642;2006;140000
60;RL;14260;FR2;NoRidge;2000;1145;2198;2;1;9;836;2008;250000
50;RL;14115;Inside;Mitchel;1993;796;1362;1;1;5;480;2009;143000
20;RL;10084;Inside;Somerst;2004;1686;1694;2;1;7;636;2007;307000
60;RL;10382;Corner;NWAmes;1973;1107;2090;2;1;7;484;2009;200000
50;RM;6120;Inside;OldTown;1931;952;1774;2;2;8;468;2008;129900
190;RL;7420;Corner;BrkSide;1939;991;1077;1;2;5;205;2008;118000
20;RL;11200;Inside;Sawyer;1965;1040;1040;1;1;5;384;2008;129500
60;RL;11924;Inside;NridgHt;2005;1175;2324;3;1;11;736;2006;345000
20;RL;12968;Inside;Sawyer;1962;912;912;1;1;4;352;2008;144000
20;RL;10652;Inside;CollgCr;2006;1494;1494;2;1;7;840;2007;279500
20;RL;10920;Corner;NAmes;1960;1253;1253;1;1;5;352;2008;157000
45;RM;6120;Corner;BrkSide;1929;832;854;1;1;5;576;2007;132000
20;RL;11241;CulDSac;NAmes;1970;1004;1004;1;1;5;480;2010;149000
90;RL;10791;Inside;Sawyer;1967;0;1296;2;2;6;516;2006;90000
20;RL;13695;Inside;SawyerW;2004;1114;1114;1;1;6;576;2008;159000
20;RL;7560;Inside;NAmes;1958;1029;1339;1;1;6;294;2009;139000
60;RL;14215;Corner;NridgHt;2005;1158;2376;3;1;9;853;2006;325300
45;RM;7449;Inside;IDOTRR;1930;637;1108;1;1;6;280;2007;139400
20;RL;9742;Inside;CollgCr;2002;1777;1795;2;1;7;534;2008;230000
120;RM;4224;Inside;MeadowV;1976;1040;1060;1;1;6;572;2007;129900
20;RL;8246;Inside;Sawyer;1968;1060;1060;1;1;6;270;2010;154000
20;RL;14230;Corner;NridgHt;2007;1566;1600;2;1;7;890;2009;256300
20;RL;7200;Corner;NAmes;1951;900;900;1;1;5;576;2010;134800
20;RL;11478;Inside;NridgHt;2007;1704;1704;2;1;7;772;2010;306000
20;RL;16321;CulDSac;NAmes;1957;1484;1600;1;1;6;319;2006;207500
30;RM;6324;Inside;BrkSide;1927;520;520;1;1;4;240;2008;68500
70;C (all);8500;Inside;IDOTRR;1920;649;1317;1;1;6;250;2008;40000
20;RL;8544;CulDSac;Sawyer;1966;1228;1228;1;1;6;271;2008;149350
20;RL;11049;Corner;CollgCr;2007;1234;1234;2;1;7;484;2008;179900
20;RL;10552;Inside;NAmes;1959;1398;1700;1;1;6;447;2010;165500
120;RL;7313;Inside;NridgHt;2005;1561;1561;2;1;6;556;2007;277500
60;RL;13418;Inside;NridgHt;2004;1117;2452;3;1;9;691;2006;309000
20;RL;10859;Corner;CollgCr;1994;1097;1097;1;1;6;672;2009;145000
20;RL;8532;Inside;NAmes;1954;1297;1297;1;1;5;498;2009;153000
20;RL;7922;Inside;NAmes;1953;1057;1057;1;1;5;246;2010;109000
90;RL;6040;Inside;Edwards;1955;0;1152;2;2;6;0;2008;82000
20;RL;8658;Inside;NAmes;1965;1088;1324;2;1;6;440;2006;160000
20;RL;16905;Inside;Timber;1959;1350;1328;1;1;5;308;2007;170000
85;RL;9180;CulDSac;SawyerW;1983;840;884;1;1;5;504;2007;144000
20;RL;9200;CulDSac;CollgCr;1975;938;938;1;1;5;308;2008;130250
20;RL;7945;Inside;NAmes;1959;1150;1150;1;1;6;300;2006;141000
120;RL;7658;Inside;NridgHt;2005;1752;1752;2;1;6;576;2010;319900
50;RL;12822;CulDSac;Mitchel;2003;1434;2149;1;1;6;670;2009;239686
20;FV;11096;Inside;Somerst;2006;1656;1656;2;1;7;826;2007;249700
190;RM;4456;Inside;OldTown;1920;736;1452;2;3;8;0;2009;113000
20;RL;7742;Inside;Sawyer;1966;955;955;1;1;6;386;2007;127000
60;RL;13869;Corner;Gilbert;1997;794;1470;2;1;6;388;2007;177000
50;RM;6240;Inside;BrkSide;1934;816;1176;1;1;6;528;2006;114500
90;RM;8472;Corner;IDOTRR;1963;816;816;1;1;5;516;2010;110000
20;RL;50271;Inside;Veenker;1981;1842;1842;0;1;5;894;2006;385000
80;RL;7134;Inside;NAmes;1955;384;1360;1;1;6;572;2007;130000
20;RL;10175;Inside;NAmes;1964;1425;1425;2;1;7;576;2008;180500
160;FV;2645;Inside;Somerst;1999;970;1739;2;1;7;480;2009;172500
60;RL;11645;Corner;CollgCr;2004;860;1720;2;1;7;565;2006;196500
60;RL;13682;CulDSac;StoneBr;2006;1410;2945;3;1;10;641;2006;438780
20;RL;7200;Inside;CollgCr;1972;780;780;1;1;4;352;2008;124900
20;RL;13072;Inside;SawyerW;2004;1158;1158;1;1;5;576;2006;158000
75;RM;7200;Inside;IDOTRR;1920;530;1111;1;1;6;288;2007;101000
120;RL;6442;Inside;NridgHt;2006;1370;1370;2;1;6;484;2007;202500
70;RM;10300;Inside;OldTown;1921;576;1710;2;1;9;480;2010;140000
60;RL;9375;Inside;CollgCr;1997;1057;2034;2;1;8;645;2009;219500
60;RL;9591;Inside;NridgHt;2004;1143;2473;2;1;9;852;2007;317000
20;RL;19900;Inside;NAmes;1970;1947;2207;2;1;7;576;2010;180000
20;RL;10665;Inside;CollgCr;2003;1453;1479;2;1;7;558;2007;226000
30;RM;4608;Corner;OldTown;1945;747;747;1;1;4;220;2010;80000
50;RL;15593;Corner;ClearCr;1953;1304;2287;2;1;7;667;2006;225000
20;RL;13651;Inside;NAmes;1973;2223;2223;2;1;8;516;2007;244000
20;RL;7599;Corner;Mitchel;1982;845;845;1;1;4;360;2007;129500
60;RL;10141;Corner;Gilbert;1998;832;1718;2;1;7;427;2009;185000
20;RL;10200;Inside;NAmes;1954;1086;1086;1;1;6;490;2010;144900
50;RM;5790;Corner;OldTown;1915;840;1605;2;2;8;379;2010;107400
180;RM;1596;Inside;MeadowV;1973;462;988;1;1;5;297;2009;91000
20;RL;8475;Inside;NAmes;1956;952;952;1;1;4;283;2008;135750
50;RM;8635;Inside;BrkSide;1948;672;1285;1;1;6;240;2008;127000
90;RL;10778;Inside;Sawyer;1968;1768;1768;2;2;8;0;2010;136500
50;RM;10440;Corner;OldTown;1910;440;1230;1;1;5;440;2009;110000
60;RL;13000;Corner;NAmes;1968;896;2142;2;1;8;509;2009;193500
120;RM;4500;FR2;Mitchel;1998;1237;1337;2;1;5;405;2006;153500
20;RL;10206;Inside;Somerst;2007;1563;1563;2;1;6;758;2008;245000
20;RL;8892;Inside;NAmes;1960;1065;1065;1;1;6;461;2007;126500
80;RL;8530;Inside;Gilbert;1995;384;1474;2;1;7;400;2009;168500
60;RL;16059;Corner;NoRidge;1991;1288;2417;2;1;9;462;2006;260000
60;RL;11911;Inside;Gilbert;2005;684;1560;2;1;6;400;2009;174000
160;FV;3951;Corner;Somerst;2009;612;1224;2;1;4;528;2009;164500
50;C (all);8470;Corner;IDOTRR;1915;1013;1526;1;1;6;0;2009;85000
20;RL;8070;Inside;CollgCr;1994;990;990;1;1;5;0;2007;123600
20;RL;7200;Inside;NAmes;1950;0;1040;1;1;4;420;2006;109900
20;RL;8500;Inside;NAmes;1961;1235;1235;1;1;6;480;2006;98600
30;RL;13360;Inside;Crawfor;1921;876;964;1;1;5;432;2009;163500
190;C (all);7200;Corner;OldTown;1910;1214;2291;2;2;9;506;2007;133900
60;RL;9337;Inside;CollgCr;1997;824;1786;2;1;7;684;2007;204750
60;RL;9765;Corner;Gilbert;1993;680;1470;2;1;6;420;2009;185000
20;RL;10264;Inside;CollgCr;1999;1588;1588;2;1;6;472;2006;214000
20;RL;10921;Inside;Edwards;1965;960;960;1;1;6;432;2007;94750
30;RL;10625;Corner;Edwards;1920;458;835;1;1;5;366;2010;83000
20;RL;9320;Inside;NAmes;1959;950;1225;1;1;6;0;2010;128950
20;RL;10603;Inside;NWAmes;1977;1610;1610;2;1;6;480;2010;205000
60;RL;9206;Inside;SawyerW;1985;741;1732;2;1;7;476;2010;178000
90;RL;7018;Inside;SawyerW;1979;0;1535;2;2;8;410;2009;118964
20;RL;10402;Corner;CollgCr;2009;1226;1226;2;1;6;740;2010;198900
50;RM;7758;Corner;IDOTRR;1931;1040;1818;1;1;7;240;2007;169500
60;FV;9375;Inside;Somerst;2003;1053;1992;2;1;9;648;2008;250000
30;RM;10800;Inside;OldTown;1885;641;1047;1;1;6;273;2007;100000
20;RM;6000;Inside;OldTown;1948;789;789;1;1;5;250;2008;115000
50;RM;8500;Corner;IDOTRR;1919;793;1517;2;1;7;0;2007;115000
20;RL;11751;Inside;NWAmes;1977;1844;1844;2;1;7;546;2010;190000
50;RL;9525;Inside;Edwards;1954;994;1855;2;1;7;325;2006;136900
80;RL;7750;Inside;Gilbert;2000;384;1430;2;1;7;400;2010;180000
60;RL;9965;Inside;CollgCr;2007;1264;2696;2;1;10;792;2007;383970
20;RL;21000;Corner;Crawfor;1953;1809;2259;2;1;7;450;2007;217000
70;RL;7259;Inside;Crawfor;1945;1028;2320;2;1;9;180;2007;259500
160;FV;3230;Corner;Somerst;1999;729;1458;2;1;5;440;2007;176000
20;RL;11616;Inside;Sawyer;1962;1092;1092;1;1;6;288;2009;139000
20;RL;8536;Corner;Edwards;2006;1125;1125;1;1;5;430;2007;155000
60;RL;12376;Corner;SawyerW;1990;1673;3222;3;1;11;594;2010;320000
60;RL;8461;Inside;CollgCr;2005;728;1456;2;1;8;390;2006;163990
80;RL;21453;CulDSac;ClearCr;1969;938;988;1;1;4;540;2006;180000
50;RM;6060;Inside;IDOTRR;1939;732;1123;1;1;4;264;2007;100000
20;RL;9464;Corner;NAmes;1958;1080;1080;1;1;5;288;2008;136000
120;RL;7892;Inside;SawyerW;1993;1199;1199;2;1;5;530;2008;153900
20;RL;17043;CulDSac;NWAmes;1979;1362;1586;2;1;7;435;2009;181000
190;RM;6780;Inside;IDOTRR;1935;520;754;1;1;5;0;2006;84500
120;RL;4928;Inside;NPkVill;1976;1078;958;2;1;5;440;2007;128000
45;RM;4388;Inside;OldTown;1930;672;840;1;1;5;0;2007;87000
60;RL;7590;Inside;NAmes;1966;660;1348;1;1;6;453;2006;155000
20;RL;8973;Inside;NAmes;1958;1008;1053;1;1;6;750;2006;150000
60;RL;14200;Corner;NAmes;1966;924;2157;2;1;8;487;2006;226000
60;RL;12224;Corner;Gilbert;2000;992;2054;2;1;7;390;2009;244000
20;RL;7388;Corner;NAmes;1959;1063;1327;1;1;7;624;2007;150750
20;RL;6853;Inside;Timber;2001;1267;1296;2;1;6;471;2009;220000
20;RL;10335;Inside;Sawyer;1968;1461;1721;2;1;7;440;2006;180000
20;RL;10400;Inside;NWAmes;1970;1304;1682;2;1;7;530;2008;174000
20;RL;10355;Corner;NAmes;1967;1214;1214;2;1;5;318;2007;143000
90;RL;11070;Inside;Mitchel;1988;1907;1959;3;2;9;766;2006;171000
60;RL;9066;Inside;CollgCr;1999;1004;1852;2;1;7;660;2008;230000
60;RL;15426;Inside;CollgCr;1997;928;1764;2;1;7;470;2009;231500
20;RL;10500;FR2;NAmes;1971;864;864;1;1;5;0;2010;115000
20;RL;11645;Inside;CollgCr;2005;1734;1734;2;1;7;660;2006;260000
50;RL;8520;Corner;NAmes;1952;910;1385;2;1;6;720;2010;166000
20;RL;10335;Inside;CollgCr;1999;1490;1501;2;1;6;577;2009;204000
90;RM;9100;Inside;Sawyer;1963;1728;1728;2;2;10;504;2006;125000
160;RM;2522;Inside;Edwards;2004;970;1709;2;1;7;380;2006;130000
30;RM;6120;Corner;BrkSide;1931;715;875;1;1;5;180;2009;105000
60;RL;9505;CulDSac;Gilbert;2001;884;2035;2;1;8;434;2010;222500
20;RL;7500;Inside;SawyerW;2004;1080;1080;1;1;6;0;2008;141000
50;RM;6240;Inside;BrkSide;1936;896;1344;1;1;7;240;2006;115000
20;RL;10356;Corner;CollgCr;1975;969;969;1;1;5;440;2007;122000
20;RL;13891;Inside;NridgHt;2007;1710;1710;2;1;6;866;2008;372402
60;RL;14803;CulDSac;NWAmes;1971;825;1993;2;1;8;495;2006;190000
20;RL;13500;Inside;ClearCr;1960;1602;1252;1;1;4;564;2008;235000
30;RM;11340;Corner;OldTown;1923;1200;1200;1;1;7;312;2006;125000
50;RL;9600;Corner;Edwards;1924;572;1096;1;1;5;0;2008;79000
20;RL;7200;Inside;NAmes;1950;0;1040;1;1;5;625;2006;109500
60;RL;12003;Corner;Timber;2009;774;1968;2;1;8;680;2010;269500
60;FV;12552;Corner;Somerst;2004;991;1947;2;1;8;678;2010;254900
60;RL;19378;Corner;Gilbert;2005;1392;2462;2;1;9;576;2006;320000
20;RL;11120;CulDSac;Veenker;1984;1232;1232;2;1;6;516;2008;162500
60;RL;13688;Inside;NridgHt;2003;1572;2668;2;1;10;726;2008;412500
20;RL;12182;Corner;NridgHt;2005;1541;1541;2;1;7;532;2010;220000
45;RL;5500;Inside;OldTown;1956;882;882;1;1;4;0;2007;103200
40;RM;5400;Corner;OldTown;1926;1149;1616;2;1;5;216;2007;152000
190;RL;10106;Inside;Edwards;1940;644;1355;2;2;6;0;2008;127500
20;RL;10708;Inside;ClearCr;1955;1617;1867;1;1;7;303;2009;190000
60;RL;10562;Inside;NridgHt;2007;1582;2161;1;1;8;789;2007;325624
60;RL;8244;Inside;Gilbert;2004;840;1720;2;1;7;440;2007;183500
20;RL;16669;Corner;Timber;1981;1686;1707;2;1;6;511;2006;228000
50;RM;12358;Inside;OldTown;1941;720;1382;1;1;7;660;2007;128500
20;RL;31770;Corner;NAmes;1960;1080;1656;1;1;7;528;2010;215000
160;RL;5306;Inside;StoneBr;1987;1064;1767;2;1;5;504;2006;239000
20;RL;10197;Inside;NAmes;1961;1362;1362;1;1;6;504;2008;163000
20;RL;12416;Inside;Timber;1986;1606;1651;2;1;7;616;2008;184000
20;RL;12615;Corner;Edwards;1950;1202;2158;2;1;7;576;2007;243000
60;RL;10029;Corner;ClearCr;1988;1151;2060;2;1;8;521;2007;211000
50;RL;13650;Inside;Sawyer;1958;1052;1920;2;1;8;451;2006;172500
20;RL;17423;CulDSac;StoneBr;2008;2216;2234;2;1;9;1166;2009;501837
30;RM;8520;Inside;OldTown;1923;968;968;1;1;5;480;2007;100000
160;FV;2117;Inside;Somerst;2000;756;1525;2;1;5;440;2007;177000
70;RL;7588;Inside;Crawfor;1920;793;1802;1;1;9;216;2006;200100
20;RL;9060;Inside;Edwards;1957;0;1340;1;1;7;252;2007;120000
50;RM;11426;Inside;OldTown;2003;1362;2082;2;1;6;484;2008;200000
50;RL;7438;Inside;BrkSide;1908;504;1252;1;1;5;576;2006;127000
75;RM;22950;Inside;OldTown;1892;1107;3608;2;1;12;840;2006;475000
80;RL;9947;CulDSac;Mitchel;1990;1188;1217;2;1;6;497;2009;173000
50;RL;10410;Inside;OldTown;1916;660;1656;2;1;8;180;2009;135000
90;RL;7018;Inside;SawyerW;1979;1086;1224;0;2;6;528;2009;153337
120;RL;4923;Inside;StoneBr;2001;1593;1593;1;1;5;682;2008;286000
70;RL;10570;Inside;Crawfor;1932;853;2727;2;1;10;440;2007;315000
60;RL;7472;CulDSac;NAmes;1972;725;1479;1;1;7;484;2007;184000
20;RL;9017;Inside;CollgCr;1999;1431;1431;2;1;6;666;2009;192000
160;RM;2522;Inside;Edwards;2004;970;1709;2;1;7;380;2006;130000
20;RL;7180;Inside;CollgCr;1972;864;864;1;1;5;352;2008;127000
160;RL;2280;FR2;NPkVill;1976;855;1456;2;1;7;440;2009;148500
20;RL;9416;Inside;Somerst;2007;1726;1726;2;1;8;786;2007;311872
75;RL;25419;Corner;NAmes;1918;1360;3112;2;1;8;795;2006;235000
75;RM;5520;Corner;OldTown;1912;755;2229;1;1;8;0;2009;104000
20;RL;9591;Inside;NridgHt;2004;1713;1713;2;1;7;856;2009;274900
20;RM;8546;Corner;Edwards;2003;1121;1121;2;1;5;440;2010;140000
20;RL;10125;Inside;Mitchel;1977;1196;1279;2;1;6;473;2008;171500
50;RL;7000;Corner;OldTown;1924;617;1310;2;1;6;398;2006;112000
120;RM;4438;Inside;CollgCr;2004;848;848;1;1;3;420;2008;149000
50;RM;3500;Inside;OldTown;1947;720;1284;1;1;5;240;2009;110000
20;RL;11851;Corner;Gilbert;1990;1424;1442;2;1;5;500;2009;180500
20;RL;13673;CulDSac;Sawyer;1962;1140;1696;1;1;8;349;2007;143900
20;RL;12493;Inside;NAmes;1960;1100;1100;1;1;6;312;2008;141000
60;RL;14364;Inside;SawyerW;1988;1157;2062;2;1;7;454;2007;277000
20;RL;8250;Inside;NAmes;1964;1092;1092;1;1;6;504;2008;145000
30;RL;5604;Inside;Edwards;1925;864;864;1;1;5;0;2008;98000
20;RL;10420;Corner;Edwards;2009;1212;1212;2;1;6;460;2010;186000
60;FV;8640;Inside;Somerst;2009;900;1852;2;1;7;644;2009;252678
20;RL;13568;CulDSac;CollgCr;1995;990;990;1;1;5;576;2006;156000
60;RL;10900;FR2;CollgCr;1977;689;1392;1;1;6;299;2010;161750
20;RL;10011;Inside;NAmes;1957;1070;1236;1;1;6;447;2006;134450
20;RL;8450;Inside;CollgCr;2004;1436;1436;2;1;8;484;2008;210000
70;RM;9906;Inside;OldTown;1925;686;1328;1;1;8;210;2006;107000
50;RL;15660;Corner;Crawfor;1939;798;1954;1;1;8;431;2008;311500
120;RL;3010;Inside;Blmngtn;2005;1248;1248;2;1;5;438;2006;167240
20;RL;8990;Inside;CollgCr;2006;1498;1498;2;1;5;675;2006;204900
60;RL;8068;Inside;Gilbert;2002;1010;2267;2;1;8;390;2009;200000
60;RL;11475;Inside;NWAmes;1975;713;1552;2;1;6;434;2006;179900
20;RL;10500;FR2;NAmes;1971;864;864;1;1;4;576;2009;97000
20;RL;13472;Inside;NridgHt;2003;2392;2392;2;1;8;968;2009;386250
160;RM;1680;Inside;BrDale;1971;630;1302;2;1;6;280;2009;112000
60;RL;9950;Inside;NoRidge;1995;1203;2520;2;1;9;721;2007;290000
160;RM;1869;Inside;BrDale;1970;483;987;1;1;5;280;2008;106000
20;RL;8521;FR2;Sawyer;1967;912;912;1;1;5;336;2010;125000
120;RL;3182;Inside;Blmngtn;2005;1373;1555;2;1;7;430;2009;192500
20;RL;8760;Inside;NAmes;1959;1194;1194;1;1;6;312;2010;148000
60;RL;15138;Inside;NoRidge;1995;1462;2794;2;1;9;810;2009;403000
160;RM;1680;Inside;BrDale;1972;483;987;1;1;5;288;2006;94500
20;RL;10650;Corner;CollgCr;1976;894;894;1;1;5;308;2010;128200
60;RL;7851;Inside;Gilbert;2002;860;1960;2;1;8;440;2010;216500
160;RM;1680;Inside;BrDale;1971;483;987;1;1;5;264;2008;89500
20;RL;8773;FR2;CollgCr;2004;1414;1414;2;1;6;494;2010;185500
60;RL;9453;CulDSac;SawyerW;1993;996;1744;2;1;7;457;2010;194500
20;RL;12030;Inside;NridgHt;2007;1694;1694;2;1;7;818;2007;318000
50;RL;8741;Inside;Edwards;1945;735;1487;1;1;7;220;2010;113000
20;FV;9000;Inside;Somerst;2008;1566;1566;2;1;7;750;2010;262500
30;RM;3880;Inside;OldTown;1945;686;866;1;1;4;0;2007;110500
50;RM;5000;Corner;OldTown;1900;540;1440;1;1;6;352;2006;79000
160;RL;10762;Corner;SawyerW;1980;626;1217;1;1;6;288;2009;120000
60;RL;8880;Inside;SawyerW;1994;948;2110;2;1;8;463;2010;205000
20;RL;10400;Inside;NWAmes;1988;1845;1872;2;1;6;604;2006;241500
190;RM;9142;Inside;OldTown;1910;1020;1928;2;2;9;440;2006;137000
20;RL;11310;Inside;NAmes;1954;1367;1375;1;1;5;451;2006;140000
60;RL;11317;Inside;CollgCr;2003;840;1668;2;1;8;500;2007;180000
50;RL;159000;CulDSac;ClearCr;1958;1444;2144;2;1;7;389;2007;277000
30;RL;5350;Inside;BrkSide;1940;728;1306;1;1;6;0;2010;76500
120;RM;4750;Inside;Crawfor;2006;1573;1625;2;1;5;538;2007;235000
60;RL;8366;Inside;SawyerW;2004;798;1640;2;1;6;520;2008;173000
80;RL;9350;Inside;NAmes;1964;1302;1302;2;1;7;309;2007;158000
20;RL;8400;Inside;NAmes;1957;1314;1314;1;1;5;294;2010;145000
60;RL;8738;Inside;Gilbert;1999;975;2291;2;1;8;429;2006;230000
60;FV;8791;Inside;Somerst;2003;864;1728;2;1;7;673;2008;207500
20;RL;8814;Inside;CollgCr;2006;1604;1604;2;1;8;660;2009;220000
60;RL;12435;Inside;CollgCr;2001;963;1792;2;1;7;564;2008;231500
20;RM;12702;Inside;OldTown;1956;0;882;1;1;4;308;2008;97000
80;RL;19296;Corner;NAmes;1962;1362;1382;1;1;6;884;2009;176000
60;RL;9588;Inside;CollgCr;2007;1482;2574;2;1;10;868;2007;276000
80;RL;8471;Corner;Sawyer;1977;506;1212;1;1;6;492;2006;151000
50;RM;5500;Corner;OldTown;1929;926;1316;1;1;6;484;2010;130000
30;RM;5232;Inside;OldTown;1925;680;764;1;1;4;504;2008;73000
20;RL;12090;Inside;NWAmes;1981;1422;1422;2;1;7;576;2008;175500
60;RL;11207;FR2;Gilbert;1997;802;1511;2;1;8;413;2006;185000
75;RL;8400;Inside;SWISU;1939;720;2192;2;1;8;240;2008;179500
30;RM;6900;Inside;IDOTRR;1940;740;778;1;1;4;924;2008;120500
20;RL;7917;Corner;Edwards;1976;1143;1113;1;1;6;504;2007;148000
60;FV;10728;Inside;Somerst;2006;1095;1939;2;1;8;1053;2006;266000
20;RL;39104;CulDSac;ClearCr;1954;1385;1363;1;1;5;439;2008;241500
60;RL;11764;CulDSac;NoRidge;1999;1152;2270;2;1;9;671;2010;290000
20;RL;9600;Inside;NAmes;1958;1240;1632;2;1;6;338;2009;139000
20;RL;8314;Corner;Mitchel;1982;816;816;1;1;5;264;2007;124500
50;RL;7264;Inside;BrkSide;1925;952;1548;2;1;5;672;2009;205000
20;RL;9196;Inside;Mitchel;2003;1560;1560;2;1;7;573;2010;201000
20;RL;19138;Corner;Gilbert;1951;864;864;1;1;4;400;2010;141000
20;RL;14450;Inside;NridgHt;2006;2121;2121;2;1;8;732;2007;415298
60;RL;10005;Inside;ClearCr;1977;1160;2022;2;1;8;505;2008;192000
60;RL;11287;Inside;SawyerW;1989;807;1982;2;1;7;575;2007;228500
20;FV;7200;Inside;Somerst;2006;1262;1262;2;1;5;572;2006;185000
120;RL;5063;Inside;NridgHt;2007;1314;1314;2;1;6;626;2009;207500
20;RL;9612;Inside;Somerst;2008;1468;1468;2;1;6;898;2009;244600
120;RL;8012;Inside;SawyerW;1992;1575;1575;2;1;5;529;2007;179200
160;FV;4251;Inside;Somerst;2006;625;1250;2;1;5;528;2007;164700
50;RL;9786;Inside;NAmes;1962;912;1734;1;1;7;440;2006;159000
20;RL;8125;Corner;NAmes;1971;858;858;1;1;5;0;2006;88000
20;RL;9819;Inside;Sawyer;1967;882;900;1;1;5;280;2010;122000
70;RL;8730;Inside;BrkSide;1915;698;1396;1;1;7;384;2007;153575
60;RL;15611;Inside;CollgCr;2006;1079;1919;2;1;8;685;2006;233230
190;RL;5687;Inside;SWISU;1912;780;1716;2;1;9;0;2008;135900
50;RL;11409;Inside;Edwards;1949;768;1716;1;1;8;281;2009;131000
60;RL;16659;Corner;NWAmes;1977;795;2263;2;1;9;539;2006;235000
20;RL;9600;Inside;NAmes;1953;1416;1644;1;1;7;418;2009;167000
80;RL;7937;CulDSac;Mitchel;1984;1003;1003;1;1;6;588;2006;142500
50;RM;13710;Inside;IDOTRR;1950;910;1558;1;1;6;282;2007;152000
60;FV;7399;Inside;Somerst;1997;975;1950;2;1;7;576;2007;239000
60;RL;11700;Inside;NWAmes;1968;702;1743;1;1;7;539;2007;175000
20;RL;14000;Inside;Crawfor;1950;1092;1152;1;1;6;300;2009;158500
190;RL;15750;Corner;Crawfor;1953;1165;1336;1;1;5;375;2006;157000
60;RL;16226;Inside;CollgCr;1998;1028;2452;2;1;9;683;2007;267000
20;RL;13704;Corner;CollgCr;2001;1541;1541;2;1;6;843;2006;205000
20;RL;9800;Corner;CollgCr;1972;894;894;1;1;5;552;2006;149900
75;RM;18386;Inside;OldTown;1880;1470;3493;3;1;10;870;2008;295000
20;RL;10386;Inside;CollgCr;2004;2000;2000;2;1;8;888;2007;305900
60;RL;13474;Inside;SawyerW;1990;700;2243;2;1;8;746;2007;225000
50;RM;7920;Inside;IDOTRR;1920;319;1406;1;1;6;0;2008;89500
30;RL;12342;Inside;Edwards;1940;861;861;1;1;4;539;2009;82500
20;RL;12378;Inside;NridgHt;2003;1896;1944;2;1;8;708;2006;360000
60;RL;7685;Inside;Gilbert;1993;697;1501;2;1;6;420;2006;165600
20;RL;8000;Inside;NAmes;1948;972;972;1;1;5;240;2009;132000
190;RM;7800;Inside;OldTown;1939;793;1118;1;1;5;410;2006;119900
20;RL;215245;Inside;Timber;1965;2136;2036;2;1;8;513;2009;375000
70;RM;9600;Inside;OldTown;1925;728;1641;1;1;6;546;2006;178000
60;RL;7795;Inside;Gilbert;2004;716;1432;2;1;6;432;2009;188500
60;RL;13005;Corner;NWAmes;1980;845;2353;2;1;10;484;2009;260000
60;FV;9000;Inside;Somerst;2006;1088;1959;2;1;8;1025;2007;270000
60;RL;9900;Inside;NoRidge;1993;1347;2646;2;1;9;656;2009;260000
80;RL;14115;Inside;NWAmes;1980;1372;1472;2;1;6;588;2009;187500
60;RL;16259;Corner;NridgHt;2006;1249;2596;3;1;9;840;2006;342643
60;RL;12099;Inside;NridgHt;2004;1136;2468;2;1;10;872;2007;354000
60;RL;10380;Inside;SawyerW;1986;1502;2730;2;1;8;576;2007;301000
20;RM;5820;Inside;OldTown;1955;1162;1163;1;1;6;220;2006;126175
80;RL;11275;Corner;NAmes;1967;710;2978;2;1;11;564;2010;242000
45;RM;5000;Inside;IDOTRR;1941;720;803;1;1;5;360;2007;87000
120;RL;10846;CulDSac;Veenker;1993;1719;1719;1;1;6;473;2008;324000
20;RL;11600;Inside;NAmes;1960;1383;1383;1;1;7;292;2006;145250
75;RL;11888;Inside;BrkSide;1916;844;2134;2;1;10;441;2009;214500
70;RM;6402;Corner;IDOTRR;1920;596;1192;1;1;6;189;2009;78000
90;RL;10624;Inside;NAmes;1964;1728;1728;2;2;10;352;2007;119000
20;RL;8176;Inside;NAmes;1958;1056;1056;1;1;6;308;2007;139000
20;RL;10655;Inside;NridgHt;2003;3206;1629;2;1;7;880;2009;284000
120;RM;8198;FR3;NridgHt;2004;1358;1358;2;1;6;484;2008;207000
60;RL;9042;Inside;Gilbert;1998;943;1638;2;1;7;472;2008;192000
190;RL;164660;Corner;Timber;1965;1499;1786;2;1;7;529;2008;228950
20;RL;14157;Corner;StoneBr;2005;1922;1922;2;1;8;676;2007;377426
20;RL;9135;Inside;CollgCr;2002;1536;1536;2;1;7;532;2008;214000
20;RL;14145;Corner;NWAmes;1984;1208;1621;2;1;8;440;2006;202500
20;RL;12400;Inside;NAmes;1958;1215;1215;1;1;6;297;2009;155000
60;RL;14191;Inside;Timber;2002;967;1908;2;1;9;431;2010;202900
20;RH;8400;Inside;SawyerW;1950;721;841;1;1;4;294;2009;82000
90;RL;8544;Inside;NAmes;1949;0;1040;2;2;6;400;2006;87500
120;RL;8849;Inside;NridgHt;2005;1684;1684;2;1;6;564;2008;266000
160;RM;2592;Inside;MeadowV;1976;536;1112;1;1;4;336;2010;85000
50;RL;6435;Inside;BrkSide;1939;972;1577;1;1;6;312;2006;140200
20;RL;12772;CulDSac;NAmes;1960;958;958;1;1;5;301;2007;151500
20;RL;17600;Inside;NAmes;1960;1478;1478;2;1;6;498;2009;157500
160;RL;2448;Inside;NridgHt;2003;764;1626;2;1;6;474;2008;154000
60;RL;20431;Inside;NridgHt;2005;1848;2728;2;1;10;706;2006;437154
120;RL;7820;Inside;NridgHt;2007;1869;1869;2;1;6;617;2007;318061
120;RL;5271;Inside;ClearCr;1986;1453;1453;1;1;6;445;2006;190000
50;RL;9084;Inside;Edwards;1941;616;1111;1;1;5;200;2008;95000
30;RM;8520;Inside;OldTown;1928;624;720;1;1;5;484;2010;105900
50;RL;8400;Inside;SWISU;1940;940;1595;1;1;6;240;2006;140000
20;RL;11249;Inside;CollgCr;1995;1200;1200;2;1;6;521;2007;177500
20;RL;9248;Inside;Gilbert;1992;1158;1167;2;1;6;400;2009;173000
120;RM;4224;Inside;MeadowV;1976;1142;1142;1;1;6;528;2007;134000
80;RL;6930;Inside;ClearCr;1958;1062;1352;1;1;6;288;2006;130000
60;RL;12011;CulDSac;NoRidge;1998;1086;1924;2;1;7;592;2006;280000
85;RL;7540;CulDSac;Mitchel;1978;888;912;1;1;5;470;2007;156000
50;RL;9144;Inside;BrkSide;1940;883;1505;1;1;8;240;2008;145000
85;RL;7301;Corner;Edwards;2003;0;1922;3;1;7;672;2009;198500
160;RM;1680;Inside;BrDale;1972;483;987;1;1;5;264;2009;118000
60;RL;18800;FR2;NWAmes;1976;796;1574;2;1;6;566;2006;190000
70;RM;10690;Inside;IDOTRR;1920;672;1344;1;1;6;468;2009;147000
20;RL;9500;Inside;NAmes;1963;1394;1394;1;1;6;514;2009;159000
80;RL;9150;Corner;NAmes;1962;1099;1431;1;1;6;296;2008;165000
20;RL;7800;Inside;NAmes;1954;1268;1268;1;1;7;244;2010;132000
20;RL;9830;Corner;NAmes;1959;1063;1287;1;1;7;576;2010;162000
60;RL;8121;Inside;Gilbert;2000;953;1664;2;1;7;460;2006;172400
50;RL;17120;Inside;ClearCr;1959;0;1588;2;1;7;680;2008;134432
120;RL;7175;Inside;SawyerW;1984;744;752;1;1;4;264;2010;125000
20;RL;10634;Inside;NAmes;1953;608;1319;1;1;5;270;2009;123000
60;RL;8200;Inside;CollgCr;2003;847;1928;2;1;8;434;2007;219500
30;RL;10020;Inside;Edwards;1922;683;904;0;1;4;0;2009;61000
85;RL;8846;CulDSac;CollgCr;1996;870;914;1;1;5;576;2006;148000
60;FV;11143;Corner;Somerst;2004;1580;2466;3;1;8;610;2007;340000
20;RL;11394;Corner;StoneBr;2010;1856;1856;1;1;8;834;2010;394432
60;RL;8123;Inside;Gilbert;2000;982;1800;2;1;7;463;2009;179000
50;RL;5000;Inside;SWISU;1924;1026;1691;2;1;6;308;2010;127000
20;FV;7200;Inside;Somerst;2006;1293;1301;2;1;5;572;2006;187750
60;RL;9245;Inside;CollgCr;2006;939;1797;2;1;8;639;2007;213500
45;RH;9000;Corner;SawyerW;1928;784;784;1;1;5;360;2009;76000
60;RL;53107;Corner;ClearCr;1992;1580;1953;2;1;9;501;2007;240000
120;RL;3182;Inside;Blmngtn;2004;1256;1269;2;1;6;430;2010;192000
50;RL;8410;FR2;Edwards;1910;658;1184;1;1;8;0;2006;81000
80;RL;7200;Inside;Edwards;1976;1041;1125;1;1;6;352;2009;125000
20;RL;9382;CulDSac;CollgCr;1999;1468;1479;2;1;6;577;2008;191000
60;RL;12474;Inside;NridgHt;2007;1682;2332;2;1;9;846;2008;426000
50;RL;8405;Inside;Edwards;1900;861;1367;1;1;7;384;2008;119000
60;RL;12209;CulDSac;Mitchel;2001;804;1961;2;1;7;560;2009;215000
20;RL;8339;Inside;NAmes;1959;0;882;1;1;5;294;2007;106500
30;RL;7446;Corner;BrkSide;1941;788;788;1;1;4;0;2006;100000
50;RL;10134;Inside;OldTown;1940;735;1034;1;1;5;240;2007;109000
20;RL;9571;Inside;Edwards;1956;1144;1144;1;1;6;596;2010;129000
20;RL;7200;Inside;CollgCr;1972;894;894;1;1;6;600;2009;123000
60;RL;7590;Inside;NAmes;1962;864;1812;2;1;8;264;2007;169500
30;RM;8967;Corner;IDOTRR;1920;961;1077;1;1;6;338;2007;67000
60;FV;8125;Inside;Somerst;2006;1092;1550;2;1;7;438;2009;241000
120;RL;14963;Inside;Veenker;1996;1260;1288;1;1;4;500;2008;245500
20;RL;8767;Inside;CollgCr;2005;1310;1310;2;1;6;400;2006;164990
30;RL;10200;Inside;Sawyer;1940;672;672;1;1;4;240;2008;108000
60;RL;12090;Corner;NoRidge;1998;1141;2263;2;1;10;420;2006;258000
60;RL;10364;Inside;Gilbert;1995;806;1572;2;1;7;373;2007;168000
20;RL;9991;Corner;Sawyer;1976;1281;1620;2;1;8;490;2009;150000
50;RL;10480;Inside;SWISU;1936;1064;1639;1;1;6;240;2008;115000
70;RL;15576;Inside;Crawfor;1915;840;1680;2;1;8;308;2008;177000
60;RL;14154;Corner;NridgHt;2006;1063;2172;2;1;9;947;2007;280000
60;FV;10800;Inside;Somerst;2007;1034;2078;2;1;8;836;2008;339750
20;RL;9571;Inside;Edwards;1958;1276;1276;1;1;5;350;2009;60000
190;RL;34650;Inside;Gilbert;1955;1056;1056;1;1;5;572;2006;145000
20;FV;4403;Inside;Somerst;2009;1470;1478;2;1;7;484;2010;222000
30;RM;8960;Inside;OldTown;1927;1008;1028;1;1;5;360;2010;115000
60;RL;11228;CulDSac;SawyerW;1993;1080;2097;2;1;9;678;2008;228000
20;RL;8899;Inside;Gilbert;2007;1340;1340;2;1;6;396;2007;181134
60;RL;7844;Inside;Sawyer;1978;672;1400;1;1;6;440;2006;149500
70;RL;22420;Inside;Crawfor;1918;1370;2624;2;1;10;864;2007;239000
50;RL;8160;Inside;Edwards;1940;756;1134;1;1;7;240;2007;126000
20;RL;8450;Inside;NAmes;1968;1056;1056;1;1;6;304;2010;142000
90;RM;7060;Inside;Mitchel;1997;1344;1344;2;2;8;784;2008;206300
20;RL;16635;FR2;NWAmes;1977;1602;1602;2;1;8;529;2009;215000
20;RL;21750;Inside;Mitchel;1954;988;988;1;1;4;520;2008;113000
60;RL;9200;Inside;NoRidge;1998;1470;2630;2;1;8;696;2008;315000
20;RL;9000;Inside;NAmes;1956;1196;1196;1;1;6;297;2008;139000
60;RM;3378;Inside;OldTown;1946;651;1389;1;1;6;240;2009;135000
80;RL;12800;Inside;SawyerW;1989;1518;1644;2;1;5;569;2009;275000
20;RL;8593;Inside;NAmes;1957;907;907;1;1;5;352;2008;109008
20;RL;6762;Inside;CollgCr;2007;1208;1208;2;1;6;628;2007;195400
20;RL;11457;Corner;Timber;1988;1392;1412;2;1;6;576;2009;175000
160;RM;1680;Inside;BrDale;1971;483;987;1;1;4;264;2008;85400
50;RM;5586;Inside;OldTown;1920;901;1198;1;1;7;0;2008;79900
160;RM;1920;Inside;BrDale;1971;765;1365;1;1;6;440;2007;122500
60;RL;10839;Corner;Gilbert;1997;926;1604;2;1;7;470;2008;181000
180;RM;1890;Inside;MeadowV;1972;630;630;1;1;3;0;2008;81000
60;RL;10667;CulDSac;CollgCr;1996;799;1661;2;1;6;550;2009;212000
50;RM;4400;Inside;OldTown;1920;648;1118;1;1;6;440;2006;116000
45;RM;6000;Inside;BrkSide;1926;884;904;1;1;4;180;2009;119000
30;RL;4280;Inside;Crawfor;1913;440;694;1;1;4;352;2007;90350
50;RL;12354;Corner;Edwards;1920;684;1196;1;1;7;528;2009;110000
20;RL;15431;Inside;NridgHt;2008;3094;2402;2;1;10;672;2009;555000
90;RL;12108;Inside;Edwards;1955;1440;1440;2;2;8;0;2008;118000
50;RM;6240;Inside;BrkSide;1930;1078;1573;2;1;8;360;2008;162900
120;RL;3922;Inside;Blmngtn;2006;1258;1258;2;1;6;648;2007;172500
60;RL;8750;Inside;CollgCr;1994;915;1908;2;1;8;493;2008;210000
20;RL;9855;Corner;Edwards;1956;1436;1689;1;1;7;480;2009;127500
20;RL;16492;Corner;NAmes;1966;1517;1888;2;1;6;578;2010;190000
60;RL;11214;Corner;Gilbert;1998;930;1886;2;1;10;431;2006;199900
50;RM;8600;Inside;IDOTRR;1937;780;1376;2;1;7;198;2006;119500
50;RM;6000;Inside;OldTown;1948;649;1183;1;1;6;308;2007;120000
30;RM;5684;Inside;OldTown;1930;813;813;1;1;5;270;2006;110000
20;RL;70761;Inside;ClearCr;1975;1533;1533;2;1;5;576;2006;280000
60;RL;9303;Corner;Timber;1996;872;1756;2;1;7;422;2007;204000
60;FV;9000;Inside;Somerst;2008;768;1590;2;1;6;676;2009;210000
90;RL;9297;Inside;Mitchel;1976;1728;1728;2;2;8;560;2006;188000
20;RL;9600;Inside;NWAmes;1973;1242;1242;1;1;6;528;2007;175500
70;RM;4571;Inside;OldTown;1916;624;1344;1;1;7;513;2008;98000
20;RL;53227;CulDSac;ClearCr;1954;1364;1663;1;1;6;529;2008;256000
70;RM;5100;Inside;OldTown;1925;588;1666;1;1;7;228;2008;161000
50;RL;7015;Corner;BrkSide;1950;709;1203;1;1;5;352;2009;110000
60;FV;8004;Inside;Somerst;2009;832;1935;2;1;8;552;2009;263435
70;RL;7200;Inside;SWISU;1936;560;1135;1;1;6;576;2009;155000
20;RL;8281;Inside;Sawyer;1965;864;864;1;1;5;360;2009;62383
70;RL;11988;Inside;Crawfor;1934;715;1660;1;1;6;240;2008;188700
20;RL;8430;Inside;CollgCr;1978;1040;1040;2;1;5;0;2009;124000
120;RM;3072;Inside;Blmngtn;2004;1375;1414;2;1;6;398;2006;178740
20;RL;10628;Inside;NAmes;1970;1277;1277;1;1;5;526;2007;167000
70;RL;9480;Inside;NAmes;1942;728;1644;1;1;7;312;2007;146500
20;RL;11428;Inside;NridgHt;2006;1626;1634;2;1;7;866;2007;250000
60;RL;9291;Corner;SawyerW;1993;832;1710;2;1;7;506;2008;187000
120;RL;6820;Corner;StoneBr;1985;1488;1502;1;1;4;528;2010;212000
60;RL;11952;Inside;NWAmes;1977;808;1969;2;1;8;534;2007;190000
180;RM;3675;Inside;Edwards;2005;547;1072;1;1;5;525;2008;148000
20;RL;14977;Inside;NridgHt;2006;1976;1976;2;1;7;908;2007;440000
120;RL;5330;Inside;StoneBr;2000;1494;1652;2;1;6;499;2007;251000
20;RL;8480;Corner;Sawyer;1963;970;970;1;1;5;624;2007;132500
20;RL;13125;Inside;CollgCr;1997;1478;1493;2;1;7;508;2008;208900
60;RL;13693;Inside;NridgHt;2006;2153;2643;2;1;9;694;2007;380000
20;RL;10637;Inside;CollgCr;2007;1705;1718;2;1;7;826;2009;297000
30;RM;5925;Inside;OldTown;1937;907;1131;1;1;7;672;2007;89471
20;RL;16033;FR2;NridgHt;2004;1833;1850;2;1;8;772;2006;326000
20;RL;11846;Inside;NridgHt;2003;1792;1792;2;1;6;874;2006;374000
70;RM;2500;Corner;OldTown;1915;910;1826;1;1;7;164;2009;155000
120;RM;4500;FR2;Mitchel;1998;1216;1216;2;1;5;402;2006;164000
20;RL;7758;Corner;Sawyer;1962;999;999;1;1;6;264;2007;132500
20;RL;9600;Inside;NAmes;1950;1113;1113;1;1;5;264;2009;147000
20;RL;10289;Inside;NAmes;1965;1073;1073;1;1;6;515;2007;156000
20;RL;12243;Inside;NWAmes;1971;1484;1484;2;1;7;487;2007;175000
190;RL;10800;Corner;OldTown;1900;954;2414;2;2;10;520;2006;160000
180;RM;1526;Inside;MeadowV;1970;630;630;1;1;3;286;2009;86000
160;RM;2665;Inside;MeadowV;1976;264;1304;1;1;4;336;2008;115000
50;RL;9490;Inside;NAmes;1941;806;1578;1;1;5;240;2006;133000
60;RL;15578;Corner;Gilbert;2006;728;1456;2;1;8;429;2006;172785
20;RL;7931;Inside;NAmes;1960;1269;1269;1;1;6;308;2008;155000
30;RM;5784;Inside;OldTown;1938;190;886;1;1;4;273;2009;91300
30;C (all);7879;Inside;IDOTRR;1920;720;720;1;1;4;0;2009;34900
20;RL;12692;Inside;NoRidge;1992;3200;3228;3;1;10;546;2007;430000
50;RL;9120;Inside;BrkSide;1925;1026;1820;2;1;8;240;2008;184000
20;RL;7800;Inside;Sawyer;1967;864;899;1;1;5;288;2009;130000
20;RL;7535;Inside;NAmes;1958;912;912;1;1;5;297;2007;120000
160;RM;1890;Inside;BrDale;1973;672;1218;1;1;7;264;2007;113000
60;FV;9803;Inside;Somerst;2005;866;1768;2;1;7;603;2008;226700
20;RL;9170;Corner;Edwards;1965;1214;1214;1;1;6;461;2007;140000
20;RL;15602;Inside;Crawfor;1959;1501;1801;2;1;6;484;2010;289000
160;RL;2308;Inside;NPkVill;1974;855;1322;2;1;6;440;2009;147000
90;RM;7596;Inside;OldTown;1952;960;1960;2;2;10;400;2009;124500
60;RL;9554;Inside;SawyerW;1993;777;1911;2;1;8;471;2006;215000
20;FV;7862;Inside;Somerst;2009;1218;1218;2;1;4;676;2009;208300
70;RM;9600;Inside;OldTown;1928;689;1378;2;1;7;360;2008;161000
20;RL;9600;Corner;NAmes;1959;1041;1041;1;1;6;270;2009;124500
20;RL;14559;Inside;NAmes;1951;1008;1363;1;1;6;288;2009;164900
120;RL;6792;Inside;NridgHt;2005;1368;1368;2;1;6;474;2006;202665
20;RL;9100;Corner;NAmes;1958;864;864;1;1;5;624;2006;129900
20;RL;9187;Corner;Mitchel;1983;1084;1080;1;1;5;484;2007;134000
45;RL;10594;Inside;Crawfor;1926;768;789;1;1;5;200;2007;96500
20;RL;12220;Inside;NridgHt;2009;2006;2020;2;1;9;900;2009;402861
80;RL;10448;Corner;NWAmes;1972;689;2119;2;1;7;583;2009;158000
60;RL;10208;Inside;NoRidge;1996;1264;2344;2;1;7;889;2009;265000
60;RL;9531;CulDSac;CollgCr;1998;794;1796;2;1;7;546;2007;211000
70;RL;10918;Inside;Crawfor;1926;1276;2080;1;1;9;282;2009;234000
190;RL;10800;Inside;OldTown;1900;0;1294;2;2;7;0;2008;106250
20;RL;11988;Corner;NAmes;1957;1244;1244;1;1;6;336;2007;150000
50;RM;5000;Corner;BrkSide;1947;1004;1664;2;1;7;420;2006;159000
60;RL;40094;Inside;Edwards;2007;3138;4676;3;1;11;884;2007;184750
60;RL;11787;Inside;NoRidge;1996;1379;2398;2;1;8;834;2007;315750
20;FV;7500;Inside;Somerst;2005;1257;1266;2;1;6;453;2006;176000
20;RL;13300;Inside;NAmes;1956;928;928;1;1;4;252;2007;132000
60;RL;14948;Inside;NridgHt;2008;1452;2713;2;1;11;858;2008;446261
30;RL;9098;Inside;Edwards;1920;528;605;1;1;5;0;2007;86000
20;RL;32668;CulDSac;Crawfor;1957;2035;2515;3;2;9;484;2007;200624
80;RL;10200;Inside;Timber;1988;1461;1509;2;1;5;600;2008;175000
70;RM;6155;FR3;BrkSide;1920;611;1362;2;1;6;502;2008;128000
20;RL;7200;Inside;NAmes;1955;0;827;1;1;5;392;2010;107500
20;RL;5000;Inside;BrkSide;1946;0;334;1;1;2;0;2007;39300
60;RL;9056;Inside;Gilbert;2004;707;1414;2;1;6;403;2006;178000
190;RL;7000;Inside;Edwards;1910;1117;1347;1;1;5;0;2008;107500
60;RL;8924;CulDSac;CollgCr;1998;880;1724;2;1;8;527;2008;188000
20;RL;12735;FR2;NAmes;1972;864;864;1;1;5;576;2008;111250
20;RL;11553;Inside;Sawyer;1968;1051;1159;1;1;7;336;2006;158000
20;RL;11423;Inside;CollgCr;2001;1581;1601;2;1;6;670;2010;272000
20;RL;14601;Inside;Timber;2006;1838;1838;2;1;8;765;2009;315000
60;RL;11000;FR2;NoRidge;2000;969;2285;2;1;8;648;2007;248000
20;RL;10140;Inside;NWAmes;1998;1650;1680;2;1;7;583;2009;213250
120;RH;4058;Inside;NAmes;1998;723;767;1;1;4;367;2007;133000
60;RL;17104;Inside;Gilbert;2006;654;1496;2;1;7;426;2006;179665
50;RL;13837;Corner;NWAmes;1988;1204;2183;2;1;9;786;2006;229000
50;RL;8737;Inside;BrkSide;1923;1065;1635;1;1;6;440;2007;210000
85;RL;7244;Inside;Mitchel;1970;768;768;1;1;5;624;2007;129500
20;RM;8235;Inside;OldTown;1955;825;825;1;1;4;720;2008;125000
60;FV;9375;Inside;Somerst;2003;912;2094;2;1;8;615;2009;263000
120;RL;4043;Inside;NPkVill;1977;1069;1069;2;1;4;440;2008;140000
20;RM;6000;Inside;OldTown;1957;928;928;1;1;5;288;2008;112500
20;RL;11146;Inside;NridgHt;2006;1709;1717;2;1;7;908;2009;255500
20;RL;8777;Inside;Edwards;1949;0;1126;2;1;5;520;2009;108000
60;RL;10625;Inside;NridgHt;2003;998;2046;2;1;8;871;2008;284000
45;RM;6380;Inside;BrkSide;1922;993;1048;1;1;5;280;2006;113000
20;RL;14850;Inside;NAmes;1957;1092;1092;1;1;6;299;2006;141000
50;C (all);11040;Inside;IDOTRR;1920;637;1336;1;1;7;570;2006;108000
60;RL;21872;FR2;Gilbert;1996;729;1446;2;1;6;406;2008;175000
120;RL;3196;Inside;Blmngtn;2003;1374;1557;2;1;7;420;2006;234000
20;RL;11341;Inside;Sawyer;1957;1392;1392;1;1;5;528;2010;121500
20;RL;10010;Inside;Mitchel;1974;1389;1389;1;1;6;418;2006;170000
30;RL;13907;Inside;Edwards;1940;996;996;1;1;6;0;2008;108000
50;RL;21780;Inside;Edwards;1918;1163;1674;2;1;8;396;2008;185000
60;RL;13346;CulDSac;NoRidge;1992;1095;2295;2;1;9;590;2006;268000
70;RL;6858;Corner;SWISU;1915;806;1647;1;1;6;216;2010;128000
60;RL;11198;Inside;StoneBr;2005;1122;2504;2;1;11;656;2008;325000
20;RL;10171;Inside;NridgHt;2004;1517;1535;2;1;7;532;2010;214000
50;RL;12327;Inside;SawyerW;1983;1496;2132;1;1;5;612;2009;316600
90;RL;7032;Corner;NAmes;1979;943;943;1;1;4;600;2006;135960
90;RL;13101;Inside;NAmes;1965;1728;1728;2;2;10;576;2008;142600
20;RL;7332;Inside;NAmes;1959;864;864;1;1;4;288;2006;120000
60;RL;13159;Corner;Timber;2009;846;1692;2;1;6;650;2009;224500
80;RL;9967;Inside;Gilbert;2000;384;1430;2;1;8;400;2007;170000
80;RL;10500;FR2;NAmes;1971;372;1109;1;1;5;288;2007;139000
50;RL;8480;Inside;NAmes;1947;832;1216;1;1;6;336;2008;118500
50;RL;6292;Inside;SWISU;1928;861;1477;2;1;6;216;2009;145000
80;RL;11777;Inside;Sawyer;1966;1164;1320;1;1;6;564;2006;164500
160;FV;3604;Corner;Somerst;2007;689;1392;2;1;5;540;2008;146000
50;RM;12150;Inside;OldTown;1954;1050;1795;2;1;7;352;2008;131500
20;RL;14585;CulDSac;NAmes;1960;1144;1429;1;1;7;572;2007;181900
20;RL;12704;Inside;NridgHt;2008;2042;2042;2;1;8;1390;2009;253293
90;RL;11841;Inside;Edwards;1990;816;816;1;1;5;0;2007;118500
75;RM;13500;Inside;OldTown;1893;1237;2775;3;1;9;880;2008;325000
50;RM;6120;Inside;BrkSide;1935;884;1573;1;1;6;240;2009;133000
20;RL;11443;Inside;Timber;2005;1868;2028;2;1;7;880;2006;369900
30;RL;10267;Inside;BrkSide;1918;816;838;1;1;5;275;2008;130000
85;RL;8740;Inside;Sawyer;1982;840;860;1;1;4;528;2009;137000
20;RL;25095;Inside;ClearCr;1968;1437;1473;1;1;5;452;2009;143000
40;RM;9100;Inside;BrkSide;1930;742;935;1;1;4;308;2008;79500
60;RL;8320;Inside;CollgCr;2004;770;1582;2;1;6;520;2008;185900
60;RL;13478;Corner;NridgHt;2008;1722;2296;2;1;10;842;2009;451950
20;RL;6600;Inside;Mitchel;1982;816;816;1;1;4;816;2008;138000
120;RM;4435;Inside;CollgCr;2003;848;848;1;1;4;420;2009;140000
20;RL;7990;Inside;CollgCr;1975;924;924;1;1;5;280;2008;110000
20;RL;11302;Inside;StoneBr;2005;1814;1826;2;1;7;758;2006;319000
70;RM;3600;Inside;OldTown;1910;684;1368;1;1;7;216;2006;114504
120;RL;3922;Inside;Blmngtn;2006;1258;1402;0;1;7;648;2007;194201
20;RL;12984;Inside;Crawfor;1977;1430;1647;2;1;7;621;2006;217500
160;RM;1950;Inside;Blueste;1980;716;1556;2;1;6;452;2008;151000
60;RL;10927;Inside;NridgHt;2005;1058;1904;2;1;8;736;2006;275000
50;RM;9000;Inside;IDOTRR;1937;780;1375;1;1;6;544;2007;141000
60;RL;10041;Inside;SawyerW;1992;908;1915;2;1;8;506;2006;220000
160;FV;3182;Inside;Somerst;2004;600;1200;2;1;4;480;2010;151000
20;RL;12803;Inside;CollgCr;2002;1494;1494;2;1;6;530;2008;221000
60;RL;13600;Inside;NAmes;1965;768;1986;2;1;7;486;2009;205000
20;RL;12464;Corner;CollgCr;1996;1040;1040;1;1;6;576;2009;152000
20;RL;7800;Inside;Edwards;1948;896;2008;3;1;8;230;2006;225000
70;RL;12168;Inside;Crawfor;1934;965;3194;2;1;10;380;2007;359100
20;RL;7943;Inside;Sawyer;1961;1029;1029;1;1;5;261;2007;118500
60;RL;11050;Inside;CollgCr;2000;1440;2153;2;1;8;736;2009;313000
80;RL;10395;FR2;NWAmes;1978;1032;1032;2;1;6;564;2007;148000
60;RL;11885;Inside;CollgCr;2001;1299;1872;2;1;7;531;2009;261500
20;RL;8402;Inside;Mitchel;2007;1120;1120;1;1;6;0;2007;147000
180;RM;1491;Inside;MeadowV;1972;630;630;1;1;3;0;2010;75500
85;RL;8800;Inside;NAmes;1963;936;1054;1;1;6;480;2010;137500
60;RL;7861;Inside;Gilbert;2002;783;1509;2;1;7;393;2006;183200
45;RL;7227;Corner;NAmes;1954;832;832;1;1;4;528;2008;105500
20;RL;11694;Inside;NridgHt;2007;1822;1828;2;1;9;774;2007;314813
60;RL;12244;Inside;Timber;2003;1482;2262;2;1;10;749;2008;305000
30;RL;8248;Inside;Edwards;1914;864;864;1;1;5;0;2008;67000
60;RL;10800;Inside;NWAmes;1974;1522;2614;2;1;9;624;2008;240000
20;RL;7064;Inside;Sawyer;1977;980;980;1;1;6;484;2009;135000
160;FV;2117;Inside;Somerst;2000;756;1512;2;1;4;440;2007;168500
60;RL;10400;Inside;NWAmes;1972;732;1790;1;1;8;484;2006;165150
20;RL;10000;Corner;NAmes;1962;1116;1116;1;1;5;440;2010;160000
20;RL;12342;Inside;NAmes;1960;978;1422;1;1;6;286;2007;139900
80;RL;9600;Inside;NAmes;1955;1156;1520;1;1;7;364;2010;153000
60;RL;11606;Inside;NAmes;1969;1040;2080;1;1;9;504;2007;135000
80;RL;9020;Corner;NAmes;1964;1248;1350;1;1;6;520;2008;168500
70;RM;9000;Corner;OldTown;1880;636;1750;1;1;8;240;2006;124000
120;RL;4590;Inside;NridgHt;2006;1554;1554;2;1;6;627;2007;209500
20;RL;11900;Inside;NWAmes;1977;1386;1411;2;1;6;544;2009;82500
20;RL;9250;Corner;NAmes;1954;1056;1056;1;1;6;260;2007;139400
90;RL;6979;Inside;OldTown;1980;1056;1056;0;2;4;576;2010;144000
190;RH;10896;Inside;SWISU;1914;1440;3395;2;2;14;0;2007;200000
30;RM;6120;Inside;BrkSide;1936;264;800;1;1;4;0;2009;60000
190;RM;6000;Inside;OldTown;1954;811;1387;2;2;7;256;2009;93000
30;RL;8777;Inside;Edwards;1910;796;796;1;1;4;0;2008;85000
120;RL;3982;Inside;Blmngtn;2006;1520;1567;2;1;7;648;2006;264561
120;RL;12677;Inside;NridgHt;2003;1518;1518;1;1;6;588;2008;274000
60;FV;7050;Inside;Somerst;2001;1057;1929;2;1;7;650;2007;226000
80;RL;13860;Inside;NAmes;1972;1952;2704;2;1;9;538;2009;345000
60;RL;10793;Inside;NWAmes;1969;780;1620;2;1;7;462;2007;152000
20;FV;9187;Inside;Somerst;2009;1766;1766;2;1;7;478;2009;370878
20;RL;10530;Corner;NAmes;1971;981;981;1;1;5;576;2007;143250
20;RL;7200;Inside;NAmes;1950;0;1048;1;1;7;420;2008;98300
20;RL;10452;Inside;Edwards;1953;1094;1094;1;1;5;495;2008;155000
60;RL;7700;Inside;NAmes;1966;756;1839;1;1;7;442;2010;155000
180;RM;1936;Inside;MeadowV;1970;630;630;1;1;3;0;2007;84500
60;FV;8125;Inside;Somerst;2007;813;1665;2;1;7;562;2008;205950
70;RL;9084;Inside;Edwards;1940;755;1510;1;1;7;296;2009;108000
60;RL;8750;Inside;CollgCr;1996;880;1716;2;1;7;512;2009;191000
50;RM;10320;Inside;IDOTRR;1906;756;1469;1;1;7;216;2008;135000
20;RL;10437;Inside;NoRidge;1995;2109;2113;2;1;7;839;2008;350000
160;RM;1680;Inside;BrDale;1971;525;1092;1;1;6;264;2010;88000
20;RL;10007;Inside;NAmes;1959;1053;1053;1;1;5;312;2008;145500
70;RL;7200;Inside;Crawfor;1931;776;1502;1;1;6;270;2008;149000
50;RL;17503;Inside;NAmes;1948;912;1458;1;1;6;330;2010;97500
20;RL;9937;Corner;Edwards;1964;1486;1486;1;1;7;480;2009;167000
60;RL;12384;CulDSac;NWAmes;1976;793;1935;2;1;7;550;2007;197900
60;RL;46589;CulDSac;NoRidge;1994;1629;2448;2;1;8;711;2009;402000
20;RL;13560;Corner;NAmes;1968;1392;1392;1;1;5;576;2009;110000
85;RL;10012;Inside;Edwards;1972;1138;1181;2;1;6;588;2008;137500
20;RL;20896;CulDSac;Somerst;2005;2077;2097;1;1;8;1134;2006;423000
60;RL;11194;Corner;Gilbert;2000;1406;1936;2;1;7;504;2006;230500
60;RL;18450;Inside;NAmes;1965;1021;2380;2;1;7;596;2007;129000
20;RL;8125;Inside;SawyerW;1994;1408;1679;2;1;7;575;2008;193500
20;RL;14175;Corner;Sawyer;1956;1188;1437;1;1;6;576;2006;168000
30;RL;11600;Inside;Crawfor;1922;700;1180;1;1;5;252;2006;137500
60;RL;8633;FR2;CollgCr;2005;738;1476;2;1;7;540;2009;173500
70;RH;6629;Inside;Edwards;1925;672;1369;2;1;6;300;2009;103600
20;RL;11250;Inside;Veenker;1977;1208;1208;1;1;6;546;2006;165000
20;RL;14442;Inside;Crawfor;1957;1477;1839;2;1;7;416;2007;257500
20;RL;9200;Inside;NAmes;1965;1136;1136;1;1;5;384;2008;140000
160;RL;2289;Inside;NPkVill;1978;855;1441;2;1;7;440;2009;148500
70;RM;9600;Inside;OldTown;1900;1095;1774;2;2;8;779;2006;87000
30;RL;9022;Inside;OldTown;1924;768;792;1;1;5;240;2009;109500
20;RL;11844;Inside;StoneBr;2008;2046;2046;2;1;7;834;2009;372500
20;RL;9945;Inside;Sawyer;1961;988;988;1;1;5;572;2007;128500
120;RL;8012;Inside;SawyerW;1980;923;923;2;1;5;264;2010;143000
50;RH;4500;Inside;SWISU;1932;793;1520;1;1;6;281;2009;159434
120;RL;2887;Inside;ClearCr;1996;1291;1291;1;1;6;431;2008;173000
20;RL;11248;Corner;CollgCr;2002;1626;1668;2;1;7;702;2007;285000
60;RL;16770;CulDSac;NoRidge;1998;1195;1839;2;1;7;486;2010;221000
160;RL;5062;CulDSac;StoneBr;1984;1190;2090;2;1;6;577;2007;207500
60;FV;10207;Inside;Somerst;2007;874;1761;3;1;7;578;2007;227875
160;FV;5105;FR2;Somerst;2004;551;1102;2;1;4;480;2007;148800
20;RL;8089;Inside;StoneBr;2007;1419;1419;2;1;7;567;2007;392000
120;RL;7577;Corner;NridgHt;2005;1362;1362;2;1;6;460;2007;194700
120;RM;4426;Inside;CollgCr;2004;848;848;1;1;3;420;2008;141000
60;RL;21535;Corner;NoRidge;1994;2444;4316;3;1;10;832;2007;755000
60;RL;26178;Inside;Timber;1989;1210;2519;2;1;9;628;2006;335000
30;RL;5400;Corner;OldTown;1921;1073;1073;1;1;4;326;2006;108480
50;RM;6120;Corner;BrkSide;1936;927;1539;1;1;5;576;2009;141500
20;RL;13811;Inside;Timber;1987;1112;1137;2;1;5;551;2006;176000
30;RM;6000;Inside;BrkSide;1921;616;616;1;1;4;205;2006;89000
20;RL;6420;Inside;Edwards;1952;980;1148;1;1;6;308;2006;123500
20;RL;8450;Inside;Sawyer;1965;894;894;1;1;5;336;2010;138500
120;FV;4282;Inside;Somerst;2004;1391;1391;2;1;5;530;2008;196000
20;RL;14331;Inside;Timber;2002;1800;1800;2;1;7;765;2006;312500
20;RL;9600;Inside;NWAmes;1969;1164;1164;1;1;6;528;2006;140000
60;RL;12438;Inside;StoneBr;2006;1234;2576;2;1;10;666;2006;361919
190;RM;7630;Inside;OldTown;1900;360;1812;2;2;8;672;2010;140000
20;RL;8400;Inside;CollgCr;2004;1473;1484;2;1;7;606;2010;213000
190;RM;5600;Inside;IDOTRR;1930;0;1092;2;2;7;0;2010;55000
20;RL;115149;CulDSac;ClearCr;1971;1643;1824;2;1;5;739;2007;302000
120;RL;6240;Inside;NridgHt;2006;1324;1324;2;1;6;550;2009;254000
60;RL;9018;Inside;Gilbert;2007;728;1456;2;1;8;400;2007;179540
20;RL;7162;Inside;Sawyer;1966;876;904;1;1;6;408;2008;109900
30;RL;4130;Inside;BrkSide;1935;270;729;1;1;5;0;2008;52000
50;C (all);8712;Inside;IDOTRR;1900;859;1178;1;1;7;384;2010;102776
120;RL;4671;Inside;StoneBr;1988;1228;1228;2;1;5;472;2008;189000
190;RL;9873;Inside;BrkSide;1970;960;960;1;1;6;576;2006;129000
60;RL;13517;CulDSac;Sawyer;1976;725;1479;2;1;6;475;2010;130500
20;RL;10140;Inside;NWAmes;1974;1064;1350;2;1;7;478;2009;165000
70;RM;10800;Inside;OldTown;1890;718;2554;1;1;8;704;2007;159500
20;RL;10000;Inside;NWAmes;1973;1176;1178;1;1;5;439;2008;157000
60;RL;10542;Inside;NoRidge;1993;1311;2418;2;1;9;983;2008;341000
20;RL;9920;Inside;CollgCr;1969;971;971;1;1;5;300;2006;128500
120;RL;6563;CulDSac;StoneBr;1985;1742;1742;2;1;5;564;2006;275000
120;RM;4426;Inside;CollgCr;2004;848;848;1;1;3;420;2010;143000
20;RL;8120;Inside;NAmes;1970;864;864;1;1;5;463;2009;124500
50;RL;8172;Inside;Edwards;1954;941;1470;2;1;7;548;2008;135000
20;RL;13286;Inside;Edwards;2007;1698;1698;2;1;8;768;2009;320000
20;RL;6960;Inside;NAmes;1970;864;864;1;1;5;660;2009;120500
20;RL;21695;Corner;Crawfor;1988;880;1680;2;1;5;540;2009;222000
20;RL;7314;Inside;CollgCr;2007;1232;1232;2;1;6;632;2009;194500
90;RL;11475;Corner;NAmes;1958;1584;1776;2;2;9;888;2009;110000
30;RM;6240;Inside;IDOTRR;1925;780;1208;1;1;5;539;2009;103000
120;RL;5389;Inside;StoneBr;1995;1595;1616;2;1;5;608;2010;236500
80;RL;9590;Corner;Timber;2003;868;1146;2;1;6;438;2007;187500
60;RL;11404;Inside;CollgCr;1998;1153;2031;2;1;8;541;2008;222500
20;RL;10000;Corner;Sawyer;1961;864;1144;1;1;6;264;2009;131400
20;RL;8978;Corner;Sawyer;1968;948;948;1;1;6;300;2007;108000
75;RM;10800;Inside;OldTown;1914;880;1768;1;1;6;320;2006;163000
90;RL;8544;Inside;NAmes;1950;0;1040;2;2;6;400;2006;93500
60;RL;10463;CulDSac;Gilbert;2005;893;1801;2;1;8;800;2006;239900
90;RL;10800;Inside;Edwards;1987;1200;1200;3;1;5;0;2009;179000
60;RL;9313;Inside;CollgCr;2004;864;1728;2;1;7;572;2009;190000
70;RM;9600;Inside;OldTown;1910;264;1432;2;1;7;360;2007;132000
20;RL;6768;Inside;Sawyer;1961;912;912;1;1;5;288;2008;142000
20;RL;8450;Inside;SawyerW;2000;1349;1349;2;1;6;539;2007;179000
80;RL;12886;Inside;Sawyer;1963;520;1464;2;1;6;480;2009;175000
120;RL;5395;Inside;StoneBr;1993;1337;1337;2;1;5;462;2008;180000
60;RL;8963;Inside;NWAmes;1976;1142;2715;3;1;11;831;2008;299800
60;RL;8795;Inside;Gilbert;2000;952;2256;2;1;8;554;2009;236000
70;RM;11700;Corner;OldTown;1880;1240;2640;1;1;8;864;2009;265979
20;RL;10593;Inside;NoRidge;1996;1720;1720;2;1;7;527;2010;260400
50;RL;8405;Inside;Edwards;1945;0;1529;2;1;9;240;2009;98000
50;RM;8800;Corner;OldTown;1910;576;1140;1;1;7;0;2010;96500
60;RL;7750;Inside;Gilbert;2003;660;1320;2;1;6;400;2007;162000
20;RL;9236;Inside;CollgCr;1997;1479;1494;2;1;6;576;2006;217000
60;RL;10240;Inside;NridgHt;2005;1030;2098;2;1;8;878;2006;275500
20;RL;7930;Inside;NAmes;1969;1026;1026;1;1;5;440;2009;156000
160;FV;3230;Inside;Somerst;1999;729;1471;2;1;6;440;2009;172500
60;RL;10769;Inside;CollgCr;2007;866;1768;2;1;7;578;2009;212000
60;RL;11616;CulDSac;Sawyer;1978;672;1386;2;1;6;440;2010;158900
160;FV;2280;Inside;Somerst;1999;744;1501;2;1;6;440;2008;179400
60;RL;12257;Inside;NoRidge;1995;1318;2531;2;1;9;752;2007;290000
20;RL;9100;Inside;NAmes;1959;864;864;1;1;5;300;2009;127500
30;RM;6911;FR2;BrkSide;1924;1145;1301;1;1;5;440;2009;100000
60;FV;8640;Inside;Somerst;2009;756;1547;2;1;7;614;2010;215200
60;RL;9430;Inside;NoRidge;1999;1252;2365;2;1;8;856;2009;337000
120;RL;9549;CulDSac;Veenker;1995;1494;1494;1;1;6;481;2006;270000
20;RL;14587;Inside;Somerst;2008;1498;1506;2;1;6;592;2008;264132
60;RL;10421;Inside;NWAmes;1988;980;1714;2;1;7;496;2010;196500
50;RL;12508;Inside;Mitchel;1940;983;1750;2;1;7;423;2008;160000
20;RL;9100;Inside;CollgCr;2004;1860;1836;2;1;8;484;2006;216837
60;RL;53504;CulDSac;StoneBr;2003;1650;3279;3;1;12;841;2010;538000
85;RL;7252;CulDSac;Sawyer;1982;858;858;1;1;5;576;2009;134900
20;RL;8877;Inside;Edwards;1951;836;1220;1;1;6;396;2006;102000
80;RL;7819;Inside;Edwards;1976;1029;1117;1;1;6;672;2010;107000
20;RL;10150;Inside;NAmes;1958;912;912;1;1;5;275;2007;114500
20;RL;14226;Corner;NridgHt;2006;1935;1973;2;1;9;895;2007;395000
120;RM;4500;FR2;Mitchel;1998;1204;1204;2;1;5;412;2009;162000
20;RL;11210;Inside;CollgCr;2005;1614;1614;2;1;7;865;2006;221500
20;RL;13350;Inside;Sawyer;1974;864;894;1;1;5;440;2006;142500
90;RH;8400;Inside;SawyerW;1977;0;2020;2;2;10;630;2007;144000
90;RL;10530;Inside;Mitchel;1977;975;1004;1;1;4;504;2006;135000
20;RL;7875;Inside;Gilbert;1995;1237;1253;2;1;6;402;2007;176000
60;RL;7153;Inside;SawyerW;1992;761;1603;2;1;7;484;2006;175900
20;RL;16285;Inside;CollgCr;2001;1413;1430;2;1;6;605;2009;187100
85;RL;9101;Corner;Mitchel;1978;1097;1110;1;1;4;602;2009;165500
75;RM;6300;Inside;OldTown;1914;742;1484;2;1;9;0;2008;128000
20;RL;9790;Inside;NWAmes;1967;1372;1342;2;1;7;457;2009;161500
50;RM;10800;Inside;OldTown;1915;686;1652;2;1;7;416;2010;139000
60;RL;10142;Inside;SawyerW;2004;956;2084;2;1;8;618;2010;233000
20;RM;6000;Corner;OldTown;1954;901;901;1;1;4;281;2008;107900
60;RL;12205;Inside;ClearCr;1966;832;2087;2;1;9;444;2007;187500
120;RL;3182;Inside;Blmngtn;2005;1145;1145;2;1;5;397;2009;160200
80;RL;11333;Corner;Mitchel;1976;1029;1062;1;1;5;539;2007;146800
60;RL;9920;CulDSac;NoRidge;1996;1117;2013;2;1;8;455;2007;269790
20;RL;9158;Inside;Somerst;2007;1496;1496;2;1;7;474;2007;225000
60;RL;10832;Corner;Gilbert;1994;712;1895;2;1;7;409;2008;194500
60;RL;8400;Inside;SawyerW;1980;650;1564;2;1;7;476;2010;171000
20;RL;8197;Inside;Sawyer;1977;660;1285;1;1;7;528;2007;143500
20;RL;7677;Inside;NAmes;1953;773;773;1;1;4;240;2008;110000
60;RL;13518;Inside;NridgHt;2008;1926;3140;3;1;11;820;2009;485000
50;RL;7200;Corner;SWISU;1937;731;1768;1;1;7;240;2007;175000
60;RL;12798;Inside;ClearCr;1997;616;1688;2;1;8;603;2008;200000
30;RM;4800;Inside;IDOTRR;1916;1196;1196;1;1;5;440;2007;109900
60;RL;8199;Inside;CollgCr;2005;728;1456;2;1;7;410;2008;189000
60;RL;13891;Inside;NridgHt;2008;1734;2822;3;1;12;1020;2009;582933
20;RL;9000;Inside;NAmes;1954;936;1128;1;1;5;286;2006;118000
20;RL;12274;FR2;Somerst;2008;1417;1428;2;1;6;554;2008;227680
80;RL;9750;Inside;NAmes;1967;980;980;2;1;6;384;2006;135500
70;RL;21384;Inside;BrkSide;1923;1324;1576;1;1;6;528;2009;223500
80;RL;13400;Inside;NAmes;1966;1024;1086;1;1;6;484;2006;159950
75;RM;8100;Corner;OldTown;1898;849;2138;2;3;11;360;2009;106000
20;RL;10140;Inside;NWAmes;1974;1040;1309;1;1;5;484;2006;181000
120;RM;4438;Inside;CollgCr;2004;848;848;1;1;4;420;2008;144500
20;C (all);8712;Inside;IDOTRR;1952;540;1044;1;1;4;504;2010;55993
20;RL;9750;Inside;NAmes;1958;1442;1442;1;1;7;301;2007;157900
50;RL;8248;Inside;Edwards;1918;686;1250;1;1;7;280;2006;116000
20;RL;12137;CulDSac;CollgCr;1998;1649;1661;2;1;6;598;2010;224900
20;RL;11425;Corner;NAmes;1954;1008;1008;1;1;4;275;2006;137000
20;RL;13265;CulDSac;Mitchel;2002;1568;1689;2;1;7;857;2008;271000
80;RL;8816;Inside;ClearCr;1971;1010;1052;1;1;6;440;2010;155000
120;RL;6371;Inside;NridgHt;2009;1358;1358;2;1;6;484;2010;224000
60;RL;7226;CulDSac;CollgCr;2003;798;1640;2;1;6;595;2008;183000
20;RM;6000;Inside;OldTown;1953;936;936;1;1;4;576;2009;93000
60;RL;12394;Corner;Gilbert;2003;847;1733;2;1;7;433;2007;225000
50;RL;9900;Inside;SWISU;1940;778;1489;2;1;7;240;2009;139500
20;FV;11216;Inside;Somerst;2006;1489;1489;2;1;7;776;2006;232600
20;RL;14803;Inside;NridgHt;2007;2078;2084;2;1;7;1220;2008;385000
45;RM;6130;Inside;BrkSide;1924;784;784;1;1;5;0;2008;109500
20;RL;8529;Inside;SawyerW;2001;1454;1434;2;1;6;527;2009;189000
60;RL;28698;CulDSac;ClearCr;1967;1013;2126;2;1;7;538;2009;185000
160;FV;2544;Inside;Somerst;2005;600;1223;2;1;4;480;2006;147400
20;RL;11900;Corner;NAmes;1957;1392;1392;1;1;6;458;2008;166000
160;FV;3180;Inside;Somerst;2005;600;1200;2;1;4;480;2006;151000
60;RL;9548;CulDSac;CollgCr;2003;941;1829;2;1;7;613;2010;237000
20;RL;10004;Inside;NAmes;1964;1516;1516;1;1;6;472;2009;167000
20;RL;7875;Inside;NAmes;1961;1144;1144;1;1;6;456;2008;139950
20;RL;9600;Inside;Sawyer;1950;1067;1067;2;1;4;436;2010;128000
30;RM;8100;Inside;OldTown;1948;1559;1559;1;1;5;812;2007;153500
160;RM;1680;Inside;BrDale;1973;483;987;1;1;5;264;2008;100000
20;RL;9525;Inside;CollgCr;1995;1099;1099;1;1;6;352;2008;144000
50;RL;11767;Inside;Edwards;1946;768;1200;1;1;6;240;2008;130500
70;RH;12155;Inside;SWISU;1925;672;1482;2;1;7;400;2008;140000
70;RM;10440;Inside;OldTown;1904;650;1539;2;1;8;686;2008;157500
80;RL;9020;Inside;NAmes;1966;1127;1165;1;1;6;490;2008;174900
90;RL;8000;Corner;NAmes;1961;1800;1800;2;2;10;0;2007;141000
50;RM;12665;Inside;OldTown;1915;876;1416;1;1;7;720;2008;153900
85;RL;16647;CulDSac;Sawyer;1975;1390;1701;2;1;6;611;2007;171000
60;RL;9317;Inside;SawyerW;1993;740;1775;2;1;7;425;2009;213000
20;RL;15523;CulDSac;CollgCr;1972;864;864;1;1;5;338;2009;133500
50;RL;45600;Inside;ClearCr;1908;907;2358;3;1;10;360;2008;240000
80;RL;9600;FR2;Veenker;1976;528;1855;2;1;7;512;2007;187000
120;RM;4435;Inside;CollgCr;2003;848;848;1;1;3;420;2007;131500
120;RL;3196;Inside;Blmngtn;2003;1273;1456;2;1;7;400;2006;215000
75;RL;7128;Inside;Crawfor;1941;918;1646;2;1;7;240;2007;164000
80;RL;12095;Corner;NAmes;1964;1127;1445;1;1;7;645;2009;158000
20;RL;17920;Inside;Sawyer;1955;1763;1779;1;1;6;454;2006;170000
20;RL;6897;Corner;Sawyer;1962;1040;1040;1;1;6;260;2010;127000
80;RL;10970;Inside;CollgCr;1978;940;1026;1;1;5;576;2008;147000
60;RL;8125;Inside;Gilbert;1994;702;1481;2;1;6;343;2009;174000
20;RL;10400;Inside;NWAmes;1976;1090;1370;2;1;6;479;2009;152000
60;RL;11029;Corner;NWAmes;1968;1054;2654;2;1;9;619;2006;250000
50;RL;7642;Corner;Crawfor;1918;912;1426;1;1;7;216;2007;189950
190;RL;11625;Inside;Sawyer;1965;1039;1039;1;1;6;504;2010;131500
20;RL;9672;Corner;SawyerW;1984;1040;1097;2;1;6;480;2010;152000
20;RL;7931;Inside;NAmes;1959;1148;1148;1;1;6;672;2009;132500
20;FV;8640;Inside;Somerst;2007;1372;1372;2;1;6;529;2008;250580
20;RL;8750;Inside;NAmes;1970;1002;1002;1;1;5;902;2009;148500
20;RL;10656;Inside;Timber;2006;1638;1646;2;1;6;870;2007;248900
20;RL;6970;Corner;Sawyer;1961;1040;1120;1;1;5;544;2007;129000
60;RL;14762;Corner;Gilbert;1948;0;2320;2;1;7;672;2006;169000
60;RL;9938;Inside;SawyerW;1993;1050;1949;2;1;8;574;2010;236000
20;RL;6600;Inside;NAmes;1962;894;894;1;1;5;308;2009;109500
60;RL;8750;Inside;CollgCr;1998;804;1682;2;1;7;523;2010;200500
20;RL;8892;Corner;NAmes;1953;105;910;1;1;5;414;2008;116000
40;RL;12144;Inside;NAmes;1949;832;1268;1;1;6;288;2009;133000
50;RM;5720;Inside;OldTown;1941;676;1131;1;1;5;200;2009;66500
60;FV;9000;Inside;Somerst;2007;1184;2610;2;1;11;550;2007;303477
20;RL;25286;Inside;Mitchel;1963;1064;1040;1;1;5;648;2007;132250
60;RL;8834;Inside;NridgHt;2004;1462;2224;2;1;10;738;2009;350000
85;RL;11782;Inside;Sawyer;1961;1109;1155;1;1;6;576;2010;148000
20;RL;7000;CulDSac;CollgCr;1978;864;864;1;1;6;336;2009;136500
20;RL;7024;Inside;Edwards;2005;1090;1090;1;1;5;450;2007;157000
50;RL;13758;CulDSac;Timber;1990;1156;1717;2;1;7;400;2007;187500
60;RL;9636;Corner;Gilbert;1992;808;1593;2;1;7;389;2009;178000
75;RL;6204;Inside;SWISU;1912;795;2230;1;1;10;440;2006;118500
20;RL;7150;Inside;NAmes;1967;892;892;1;1;5;288;2009;100000
120;FV;5119;CulDSac;Somerst;1999;1698;1709;2;1;5;506;2008;328900
90;RL;8393;Corner;NAmes;1959;1626;1712;2;2;8;588;2006;145000
50;RL;16466;Inside;Edwards;1955;816;1393;1;1;8;300;2008;135500
20;RL;15865;Inside;NAmes;1970;2217;2217;2;1;8;621;2007;268000
20;RL;12160;Inside;NAmes;1953;1505;1505;1;1;6;505;2009;149500
50;RL;8064;Corner;NAmes;1949;672;924;1;1;6;576;2007;122900
60;RL;11184;Inside;Sawyer;1978;918;1683;2;1;7;440;2009;172500
20;RL;8414;Inside;Sawyer;1963;1059;1068;1;1;6;264;2006;154500
20;RL;13284;Inside;Sawyer;1954;1383;1383;1;1;6;354;2008;165000
90;RL;7018;Inside;SawyerW;1979;0;1535;2;2;8;400;2009;118858
60;RL;7056;Inside;NAmes;1963;780;1796;1;1;8;483;2008;140000
30;RM;8765;Inside;IDOTRR;1936;951;951;1;1;6;327;2006;106500
90;RL;7018;Inside;SawyerW;1979;0;2240;2;2;12;528;2009;142953
20;RL;12919;Inside;NridgHt;2009;2330;2364;2;1;11;820;2010;611657
20;RL;6993;Inside;Sawyer;1961;912;1236;1;1;6;288;2006;135000
20;RL;7340;Inside;NAmes;1971;858;858;1;1;4;684;2007;110000
20;RL;8712;Inside;NAmes;1957;992;1306;1;1;5;756;2009;153000
60;RL;7875;Inside;Gilbert;2003;783;1509;2;1;8;393;2006;180000
20;RL;14859;CulDSac;Gilbert;2006;1670;1670;2;1;7;690;2006;240000
20;RL;6173;Inside;Sawyer;1967;876;902;1;1;6;288;2007;125500
20;RL;9920;Inside;NAmes;1954;1056;1063;1;1;6;280;2010;128000
20;RL;13501;Corner;Somerst;2006;1623;1636;2;1;8;865;2007;255000
50;RL;11500;Inside;Crawfor;1936;1017;2057;1;1;6;180;2006;250000
20;RL;8885;Inside;Mitchel;1983;864;902;1;1;5;484;2006;131000
60;RL;12589;Inside;Gilbert;2005;742;1484;2;1;8;390;2009;174000
90;RL;11600;Corner;NAmes;1960;1105;2274;2;2;12;480;2010;154300
20;RL;9286;CulDSac;CollgCr;1977;1268;1268;1;1;5;252;2009;143500
30;RM;6120;Inside;BrkSide;1925;768;1015;1;1;6;450;2006;88000
90;RH;6270;Inside;Crawfor;1949;1001;2002;2;2;8;871;2007;145000
160;FV;3000;Inside;Somerst;2009;612;1224;2;1;4;528;2009;173733
160;RM;2001;Inside;MeadowV;1970;546;1092;1;1;6;286;2007;75000
20;C (all);9000;Inside;IDOTRR;1949;480;480;0;1;4;308;2006;35311
20;RL;17140;Inside;Edwards;1956;1134;1229;1;1;6;284;2009;135000
60;RL;13125;Corner;SawyerW;1991;1104;2127;2;1;8;833;2007;238000
20;RL;11029;Corner;NAmes;1958;1184;1414;1;1;6;601;2008;176500
60;RL;8462;Inside;SawyerW;1994;928;1721;2;1;7;471;2007;201000
90;RL;8777;Inside;Edwards;1900;1272;2200;2;2;9;0;2008;145900
20;RL;10237;Inside;Gilbert;2005;1316;1316;2;1;6;397;2006;169990
120;RL;8012;Inside;SawyerW;1993;1604;1617;2;1;5;533;2008;193000
20;RL;10240;Inside;NWAmes;1980;1686;1686;2;1;7;612;2006;207500
20;RL;15611;Corner;NWAmes;1977;1126;1126;2;1;6;540;2008;175000
60;RL;11999;Inside;NridgHt;2003;1181;2374;2;1;10;656;2007;285000
60;RL;9900;Inside;NWAmes;1968;832;1978;2;1;9;486;2008;176000
20;RL;11838;Inside;CollgCr;2001;1753;1788;2;1;7;522;2009;236500
60;RL;13006;Corner;Gilbert;1997;964;2236;2;1;8;642;2006;222000
20;RL;8925;Inside;Timber;2007;1466;1466;2;1;7;610;2009;201000
20;RL;9100;Inside;NAmes;1965;925;925;1;1;5;429;2009;117500
20;RL;11670;Corner;Somerst;2006;1905;1905;2;1;8;788;2007;320000
20;RL;8487;FR2;CollgCr;2004;1500;1500;2;1;6;570;2009;190000
20;RL;27650;Inside;NAmes;1960;585;2069;2;1;9;505;2008;242000
30;RL;5825;Inside;BrkSide;1926;600;747;1;1;5;528;2006;79900
20;RL;10083;Inside;SawyerW;2003;1176;1200;2;1;5;555;2009;184900
60;RL;9675;Inside;Somerst;2005;1113;1971;2;1;8;689;2009;253000
60;RL;8760;Inside;CollgCr;2006;1391;1962;2;1;7;868;2006;239799
70;RL;24090;Inside;ClearCr;1940;1032;2403;2;1;10;349;2010;244400
90;RL;12640;Inside;Mitchel;1976;1728;1728;2;2;8;574;2006;150900
60;RL;8755;FR2;Gilbert;1999;992;2060;2;1;8;390;2009;214000
90;RL;7711;Inside;Edwards;1977;1440;1440;2;2;8;0;2007;150000
90;RL;25000;Inside;Mitchel;1967;1632;1632;2;2;8;576;2007;143000
20;RL;14375;CulDSac;Timber;1958;819;1344;1;1;7;525;2009;137500
50;RM;8820;Corner;OldTown;1890;1088;1869;1;1;7;456;2009;124900
80;RL;8163;Inside;NAmes;1959;1144;1144;1;1;6;796;2006;143000
20;RL;14536;Inside;Timber;2002;1616;1629;2;1;9;808;2007;270000
60;RL;14006;Inside;CollgCr;2002;936;1776;2;1;7;474;2006;192500
20;RL;9360;Inside;NWAmes;1972;1161;1381;1;1;5;676;2010;197500
20;RL;7200;Inside;NAmes;1950;864;864;1;1;5;720;2007;129000
20;RH;7800;Corner;SawyerW;1965;828;965;1;1;6;300;2006;119900
85;RL;7200;Inside;CollgCr;1972;768;768;1;1;5;396;2009;133900
60;RL;11075;Inside;Mitchel;1969;784;1968;2;1;7;530;2008;172000
90;RL;9400;CulDSac;Edwards;1975;945;980;2;0;4;0;2006;127500
90;RH;7136;Inside;Crawfor;1946;979;1958;2;2;8;492;2007;145000
160;RM;1300;Inside;Blueste;1980;561;1229;1;1;5;462;2009;124000
20;RL;7420;Inside;Sawyer;1962;1057;1057;1;1;6;576;2007;132000
20;RL;8450;Inside;CollgCr;2003;1337;1337;2;1;6;531;2007;185000
160;FV;2572;FR2;Somerst;1999;696;1416;2;1;6;484;2010;155000
20;RL;7207;Inside;BrkSide;1958;858;858;1;1;4;0;2010;116500
60;RL;12227;Corner;NWAmes;1977;1330;2872;2;1;11;619;2008;272000
160;RL;2308;Corner;NPkVill;1976;804;1548;2;1;7;440;2007;155000
20;RL;11923;Corner;CollgCr;2007;1800;1800;2;1;7;702;2009;239000
60;RL;11316;Corner;Timber;2002;817;1894;2;1;8;510;2010;214900
60;RL;10237;Inside;Gilbert;2005;783;1484;2;1;8;393;2007;178900
50;RL;9600;Inside;Crawfor;1940;728;1308;1;1;7;256;2009;160000
20;RL;7390;Inside;NAmes;1955;1098;1098;1;1;6;260;2008;135000
50;RM;5925;Inside;OldTown;1910;600;968;1;1;6;0;2009;37900
190;RL;10382;Inside;NAmes;1958;588;1095;1;1;6;264;2006;140000
50;RL;10800;Inside;NAmes;1949;720;1192;1;1;6;0;2006;135000
160;RL;2268;Inside;NridgHt;2003;764;1626;2;1;6;474;2009;173000
120;RL;7892;Inside;SawyerW;1979;918;918;2;1;5;264;2010;99500
20;FV;11639;Corner;Somerst;2007;1428;1428;2;1;6;480;2008;182000
70;RL;11414;Corner;BrkSide;1910;728;2019;1;1;8;532;2009;167500
160;FV;2651;FR2;Somerst;2000;673;1382;2;1;6;490;2006;165000
30;RL;5900;Inside;BrkSide;1923;440;869;1;1;4;0;2006;85500
120;FV;4274;Inside;Somerst;2006;1241;1241;1;1;4;569;2007;199900
20;RL;9450;Inside;Edwards;1954;894;894;1;1;5;400;2007;110000
20;RL;8816;Corner;Sawyer;1963;1121;1121;1;1;5;480;2009;139000
85;RL;12122;Corner;NAmes;1961;944;999;1;1;6;588;2008;178400
60;RL;12203;Corner;NoRidge;1998;1225;2612;2;1;8;676;2009;336000
20;RL;3182;Inside;Blmngtn;2007;1266;1266;2;1;6;388;2008;159895
60;RL;11250;Corner;CollgCr;2002;1128;2290;2;1;9;779;2008;255900
90;RL;10125;Inside;Mitchel;1977;0;1734;2;2;8;539;2009;126000
190;RL;10880;Inside;Edwards;1950;1164;1164;1;1;5;240;2008;125000
50;RM;5310;Corner;OldTown;1910;485;1635;1;1;5;255;2006;117000
20;RL;10159;Inside;NridgHt;2009;1930;1940;2;1;8;606;2010;395192
60;RL;12046;Inside;NWAmes;1976;848;2030;2;1;8;551;2007;195000
60;FV;8125;Inside;Somerst;2006;770;1576;2;1;6;614;2006;197000
60;RL;9452;Inside;NoRidge;1997;1396;2392;2;1;7;870;2006;348000
70;RM;17671;Corner;OldTown;1882;916;1742;1;1;8;424;2009;168000
60;RL;9760;Inside;NAmes;1964;822;1851;2;1;7;440;2007;187000
60;RL;8846;Inside;CollgCr;2005;750;1500;2;1;6;564;2006;173900
20;RL;12456;FR2;NridgHt;2006;1700;1718;2;1;7;786;2009;337500
50;RL;4712;Inside;BrkSide;1946;747;1230;1;1;5;305;2006;121600
20;RL;10659;Inside;NAmes;1961;1050;1050;1;1;6;368;2006;136500
20;RL;11717;Inside;NWAmes;1970;1442;1442;2;1;6;615;2009;185000
30;RM;9786;Inside;IDOTRR;1922;1007;1077;1;1;6;210;2006;91000
20;RL;6762;Inside;CollgCr;2006;1187;1208;2;1;6;632;2010;206000
20;RL;10206;Corner;Edwards;1952;0;944;1;1;4;528;2009;82000
30;RL;5400;Corner;OldTown;1920;691;691;1;1;4;216;2007;86000
20;RL;11957;Inside;Somerst;2006;1574;1574;2;1;7;824;2008;232000
90;RL;11500;Corner;NWAmes;1976;1680;1680;2;2;8;528;2007;136905
120;RL;3182;Inside;Blmngtn;2005;1346;1504;2;1;7;457;2009;181000
80;RL;8385;Inside;CollgCr;1977;985;985;2;1;6;328;2008;149900
20;RL;12155;Inside;NAmes;1970;1657;1657;2;1;7;484;2007;163500
160;RM;2217;Inside;MeadowV;1970;546;1092;1;1;6;286;2009;88000
20;RL;12118;CulDSac;Mitchel;2004;1710;1710;2;1;7;550;2009;240000
50;RL;6000;Inside;SWISU;1926;1008;1522;2;1;7;0;2006;102000
50;RL;21286;Inside;Sawyer;1948;720;1271;2;1;7;312;2008;135000
90;RL;9825;Inside;Edwards;1965;0;1664;2;2;8;0;2010;100000
70;RL;10592;Inside;Crawfor;1923;602;1502;1;1;7;180;2007;165000
30;RM;7200;Inside;OldTown;1910;1022;1022;1;1;4;280;2009;85000
20;RL;11664;Inside;NAmes;1948;1082;1082;1;1;5;240;2007;119200
60;RL;8400;Inside;NWAmes;2001;810;1665;2;1;6;528;2009;227000
20;RL;11883;Inside;CollgCr;1996;1504;1504;2;1;6;478;2009;203000
120;RL;5814;CulDSac;StoneBr;1984;1220;1360;1;1;4;565;2009;187500
80;RL;10784;FR2;Gilbert;1991;384;1472;2;1;7;402;2007;160000
120;RL;3013;Inside;Blmngtn;2005;1362;1506;2;1;6;440;2006;213490
20;RL;7024;Inside;Edwards;2005;1132;1132;1;1;5;451;2008;176000
20;RL;7406;Inside;CollgCr;2006;1199;1220;2;1;6;632;2006;194000
50;RM;9439;Inside;OldTown;1930;912;1248;1;1;6;160;2007;87000
120;RL;3182;Inside;Blmngtn;2005;1346;1504;2;1;7;437;2008;191000
20;RL;15498;Corner;Timber;1976;1565;2898;2;1;10;665;2008;287000
20;RL;7700;Corner;CollgCr;1972;882;882;1;1;5;461;2007;112500
20;RL;9300;Inside;NAmes;1960;1268;1264;1;1;6;461;2010;167500
20;RL;9520;Inside;Timber;2007;1638;1646;2;1;7;800;2008;293077
50;RL;9492;Inside;NAmes;1941;768;1376;1;1;6;240;2007;105000
160;RM;1680;Inside;BrDale;1972;672;1218;1;1;7;264;2006;118000
190;RH;7082;Inside;SWISU;1916;686;1928;2;2;10;0;2006;160000
75;RL;15863;Corner;SWISU;1920;824;3082;2;1;12;672;2009;197000
60;RL;14541;Corner;NoRidge;1993;1338;2520;2;1;10;796;2006;310000
20;RL;8125;Inside;CollgCr;2002;1654;1654;2;1;6;900;2006;230000
30;RL;6305;Inside;Crawfor;1938;920;954;1;1;5;240;2007;119750
20;RL;11500;CulDSac;Edwards;1957;0;845;1;1;5;290;2009;84000
20;RL;12898;Inside;Timber;2007;1620;1620;2;1;6;912;2009;315500
60;RL;9240;Inside;CollgCr;2001;1055;2263;2;1;7;905;2008;287000
160;RM;1533;Inside;MeadowV;1970;546;1344;1;1;6;0;2009;97000
180;RM;1477;Inside;MeadowV;1970;630;630;1;1;3;286;2009;80000
20;RL;13125;Corner;Sawyer;1957;1134;1803;2;1;8;484;2006;155000
60;RL;9130;Inside;NWAmes;1966;800;1632;1;1;7;484;2008;173000
120;RL;5381;Inside;NridgHt;2005;1306;1306;2;1;5;624;2009;196000
60;RL;11839;Inside;SawyerW;1990;1475;2329;2;1;10;514;2008;262280
20;RL;9600;Inside;NWAmes;1981;2524;2524;2;1;9;542;2009;278000
20;RL;13680;CulDSac;Edwards;1955;0;1733;2;1;8;452;2009;139600
60;RL;16056;Inside;StoneBr;2005;1992;2868;3;1;11;716;2006;556581
20;RL;9245;Inside;CollgCr;1994;990;990;1;1;5;672;2008;145000
20;RL;21750;Inside;Mitchel;1960;0;1771;1;1;9;336;2009;115000
20;RL;11100;Inside;Edwards;1946;0;930;1;1;6;308;2010;84900
20;RL;8993;Inside;Gilbert;2007;1302;1302;2;1;6;436;2007;176485
20;RL;11175;Corner;CollgCr;2007;1316;1316;2;1;6;440;2007;200141
60;RL;9500;Corner;NAmes;1964;816;1977;1;1;9;540;2007;165000
20;RL;8562;Inside;Edwards;1957;1216;1526;1;1;7;364;2010;144500
60;RL;11367;Corner;CollgCr;2002;1065;1989;2;1;7;586;2006;255000
20;RL;11361;Inside;NWAmes;1976;1193;1523;2;1;7;478;2008;180000
120;RL;7052;Inside;NridgHt;2005;1364;1364;2;1;6;484;2006;185850
60;RL;29959;FR2;NoRidge;1994;973;1850;2;1;7;467;2009;248000
60;RL;11308;Inside;NridgHt;2008;1104;2184;2;1;10;836;2009;335000
50;RL;11275;Corner;Crawfor;1932;854;1991;1;1;7;432;2007;220000
120;RL;4920;Inside;StoneBr;2001;1338;1338;2;1;6;582;2010;213500
30;C (all);18000;Inside;IDOTRR;1935;894;894;1;1;6;1248;2008;81000
190;RM;13600;Inside;OldTown;1900;662;2337;2;2;10;560;2007;90000
30;RM;6000;Inside;OldTown;1925;1103;1103;1;1;5;440;2006;110500
20;RL;11000;CulDSac;NAmes;1966;1154;1154;1;1;6;480;2009;154000
60;RL;14000;Inside;ClearCr;1996;1306;2260;2;1;7;533;2010;328000
60;RL;7837;Inside;Gilbert;1993;799;1571;2;1;7;380;2009;178000
60;RL;9760;Inside;NAmes;1964;780;1611;1;1;7;442;2008;167900
160;RM;3964;Inside;MeadowV;1973;942;2521;2;1;10;576;2006;151400
45;RL;9600;Inside;NAmes;1949;845;893;1;1;4;576;2007;135000
20;RL;10152;Inside;NAmes;1956;1048;1048;1;1;6;286;2007;135000
60;RL;11700;Inside;NWAmes;1968;727;1556;1;1;8;441;2009;154000
50;RL;7585;Inside;Edwards;1948;810;1456;1;1;7;280;2006;91500
60;RL;7950;Corner;Edwards;1977;690;1426;1;1;6;440;2009;159500
20;RL;8556;Inside;CollgCr;2006;1240;1240;2;1;5;826;2007;194000
70;RL;13125;Inside;Crawfor;1940;800;1740;1;1;6;240;2007;219500
50;RL;10800;Inside;OldTown;1936;796;1466;2;1;7;566;2006;170000
20;RL;15870;Corner;NAmes;1969;1096;1096;1;1;6;299;2006;138800
120;RM;4435;Inside;CollgCr;2004;848;848;1;1;3;420;2006;155900
20;RL;8775;Inside;CollgCr;1994;990;990;1;1;5;299;2007;126000
20;RL;11040;Inside;NWAmes;1971;1258;1258;2;1;5;528;2008;145000
20;RL;7500;Corner;Sawyer;1963;1040;1040;1;1;5;308;2010;133000
20;RL;8749;Inside;CollgCr;2002;1459;1459;2;1;6;527;2007;192000
20;RL;8800;Inside;NAmes;1964;1251;1251;1;1;6;461;2006;160000
60;RL;13031;Corner;Gilbert;1995;691;1498;2;1;6;409;2006;187500
85;RL;9069;Inside;SawyerW;1992;936;996;1;1;5;564;2010;147000
160;RM;1974;Inside;MeadowV;1973;546;1092;1;1;6;286;2010;83500
60;FV;10574;Inside;Somerst;2005;1082;1953;2;1;9;1043;2009;252000
160;RM;2522;Inside;Edwards;2004;970;1709;2;1;7;380;2006;137500
120;FV;3316;Inside;Somerst;2005;1247;1247;1;1;4;550;2006;197000
90;RL;8544;Corner;NAmes;1950;0;1040;2;2;6;400;2009;92900
160;FV;2160;Inside;Somerst;1999;600;1252;2;1;4;462;2008;160000
50;RL;8400;Inside;SWISU;1925;1181;1694;2;1;7;576;2008;136500
20;RL;9230;Corner;NAmes;1965;864;1200;1;1;6;884;2006;146000
20;RL;5868;Inside;NAmes;1956;936;936;1;1;4;308;2010;129000
20;RL;9317;Inside;CollgCr;2006;1314;1314;2;1;6;440;2007;176432
70;RM;6882;Inside;IDOTRR;1914;684;1355;1;1;7;0;2007;127000
120;RL;3696;Inside;StoneBr;1986;1074;1088;1;1;5;461;2007;170000
50;RM;6000;Inside;BrkSide;1936;672;1324;1;1;6;240;2009;128000
20;RL;11880;Inside;NWAmes;1978;1271;1601;2;1;7;478;2009;157000
30;RL;8400;Inside;SWISU;1920;290;438;1;1;3;246;2009;60000
20;RL;9758;Inside;NAmes;1971;950;950;1;1;5;280;2007;119500
20;RL;7000;Inside;NAmes;1960;1010;1134;1;1;6;254;2007;135000
20;RL;8910;Corner;NAmes;1959;655;1194;1;1;6;539;2006;159500
160;RM;2016;Inside;BrDale;1970;630;1302;2;1;6;440;2007;106000
60;RL;12256;Corner;NoRidge;1994;1463;2622;2;1;9;712;2010;325000
20;RL;10357;Corner;SawyerW;1990;910;1442;2;1;6;719;2007;179900
60;RL;23257;CulDSac;Gilbert;2006;868;2021;2;1;9;422;2006;274725
60;RL;8063;Inside;Gilbert;2000;924;1690;2;1;7;463;2007;181000
20;RL;11362;Inside;NridgHt;2004;1836;1836;2;1;7;862;2009;280000
60;RL;8000;Inside;Gilbert;1995;773;1658;2;1;8;431;2008;188000
60;RL;10480;Inside;NWAmes;1976;803;1964;2;1;8;483;2008;205000
20;RL;7100;Corner;NAmes;1957;816;816;1;1;5;308;2006;129900
20;RL;8923;Inside;NAmes;1953;1008;1008;1;1;6;240;2007;134500
20;RL;5400;Inside;OldTown;1954;833;833;1;1;4;326;2006;117000
20;RL;12085;Inside;NridgHt;2007;1734;1734;2;1;7;928;2007;318000
80;RL;7750;Inside;Gilbert;2002;408;1419;2;1;7;527;2009;184100
20;RL;9764;FR2;Sawyer;1967;894;894;1;1;5;450;2008;130000
80;RL;13825;Inside;Sawyer;1958;533;1601;1;1;6;300;2008;140000
20;RL;7560;Inside;NAmes;1959;1040;1040;1;1;6;286;2006;133700
30;RM;8263;Inside;IDOTRR;1920;1012;1012;1;1;6;308;2007;118400
20;RL;10084;Inside;CollgCr;2005;1552;1552;2;1;7;782;2006;212900
20;RL;8926;Corner;Edwards;1956;672;960;1;1;5;288;2009;112000
20;RL;9405;Inside;Edwards;1947;698;698;1;1;4;0;2009;118000
80;RL;9125;Inside;Gilbert;1992;384;1482;2;1;7;392;2007;163900
20;RL;10434;Inside;NAmes;1955;1005;1005;1;1;5;672;2009;115000
120;RL;3684;Inside;Blmngtn;2007;1373;1555;2;1;7;660;2009;174000
20;RL;14572;Corner;Gilbert;2004;1530;1530;2;1;7;630;2007;259000
60;RL;11796;Inside;Gilbert;2004;847;1959;2;1;8;434;2007;215000
90;RM;7200;Inside;OldTown;1980;936;936;1;1;4;672;2007;140000
50;RL;7804;Inside;SWISU;1928;1122;1981;2;1;7;576;2009;135000
20;RL;10712;Inside;Mitchel;1991;974;974;1;1;5;0;2007;93500
70;RM;9900;Inside;OldTown;1880;1008;2210;2;1;8;205;2007;117500
60;RL;9828;Inside;SawyerW;1995;1128;2020;2;1;8;466;2009;239500
60;RL;8773;Inside;Gilbert;1997;916;1600;2;1;7;460;2007;169000
30;RM;6180;Corner;BrkSide;1926;960;986;1;1;5;180;2007;102000
50;RL;9600;Inside;NAmes;1950;1032;1252;1;1;6;288;2008;119000
50;RL;6342;Inside;Sawyer;1875;780;1020;1;1;6;0;2010;94000
20;RL;9819;Inside;Mitchel;1977;1567;1567;2;1;5;714;2009;196000
30;RL;8731;Inside;BrkSide;1920;915;1167;1;1;6;495;2007;144000
20;RL;7350;Corner;NAmes;1951;952;952;1;1;4;840;2008;139000
60;RL;10304;CulDSac;NWAmes;1976;780;1868;2;1;9;484;2009;197500
60;RL;9965;Inside;CollgCr;2006;1466;2828;3;1;11;1052;2007;424870
20;RL;9000;Inside;Sawyer;1959;1006;1006;1;1;5;0;2008;80000
190;RL;12180;Inside;Edwards;1941;672;924;1;1;5;280;2010;80000
50;RM;6240;Inside;BrkSide;1928;1042;1576;1;1;8;225;2006;149000
20;RL;11200;Inside;SawyerW;1985;1298;1298;2;1;5;403;2006;180000
70;RL;12000;Inside;Crawfor;1941;704;1564;1;1;7;234;2009;174500
50;RM;5700;Inside;OldTown;1926;572;1111;1;1;5;288;2008;116900
70;RM;9000;Inside;OldTown;1920;650;1482;1;1;7;324;2009;143000
20;RL;8280;Inside;NAmes;1950;932;932;1;1;4;306;2007;124000
20;RL;17755;Inside;Edwards;1959;1466;1466;1;1;6;528;2006;149900
20;RL;14115;Inside;Crawfor;1956;1073;1811;1;1;6;470;2006;230000
30;RM;5890;Corner;IDOTRR;1930;816;816;1;1;5;432;2008;120500
60;RL;13700;Inside;NAmes;1965;864;1820;1;1;8;492;2008;201800
20;RL;10768;Corner;Veenker;1976;1437;1437;2;1;6;528;2007;218000
80;RL;9350;Inside;NAmes;1965;1219;1265;2;1;6;502;2008;179900
120;RL;5001;Inside;NridgHt;2007;1314;1314;2;1;6;626;2009;230000
20;RL;11932;FR2;Somerst;2007;1580;1580;2;1;7;830;2008;235128
60;RL;9120;Inside;NWAmes;1974;901;1876;2;1;8;540;2008;185000
160;RL;2280;Inside;NPkVill;1978;855;1456;2;1;7;440;2010;146000
20;RL;14778;CulDSac;Crawfor;1954;1296;1640;1;1;7;924;2008;224000
20;RL;8724;Inside;Sawyer;1968;894;894;1;1;5;450;2007;129000
90;RL;12900;Inside;Sawyer;1969;1198;1258;0;2;6;400;2008;108959
80;RL;16157;FR2;Veenker;1978;1360;1432;1;1;5;588;2007;194000
20;RL;9541;Inside;NridgHt;2009;1502;1502;2;1;7;644;2009;233170
20;RL;10475;Corner;CollgCr;2008;1694;1694;2;1;7;776;2010;245350
60;RL;10852;Inside;Gilbert;2000;959;1671;2;1;7;472;2006;173000
70;RL;13728;Corner;Edwards;1935;1127;2108;2;1;7;540;2008;235000
60;RL;35760;CulDSac;NoRidge;1995;1930;3627;3;1;10;807;2006;625000
80;RL;9880;Inside;Mitchel;1977;1096;1118;1;1;6;358;2008;171000
20;RL;9120;Inside;NAmes;1958;1261;1261;1;1;6;433;2008;163000
160;FV;4017;Inside;Somerst;2006;625;1250;2;1;5;625;2008;171900
50;RL;18030;Inside;ClearCr;1946;1598;3086;3;1;12;0;2007;200500
70;RL;16560;Inside;Crawfor;1932;952;2345;2;1;9;360;2006;239000
50;RL;10678;Inside;NoRidge;1992;1683;2872;2;1;9;541;2007;285000
20;RL;6951;CulDSac;Mitchel;1984;876;923;1;1;5;264;2008;119500
50;RM;3950;Inside;OldTown;1926;818;1224;1;1;5;210;2009;115000
50;RL;7681;FR2;Crawfor;1921;731;1343;1;1;7;186;2009;154900
20;RL;8335;Corner;Edwards;1954;0;1124;1;1;5;0;2006;93000
60;RL;11170;Corner;Timber;1990;1216;2514;2;1;8;693;2006;250000
120;RM;5587;Inside;Crawfor;2008;1600;1652;2;1;5;482;2008;392500
60;RL;15623;Corner;NoRidge;1996;2396;4476;3;1;10;813;2007;745000
30;RL;10800;Inside;OldTown;1920;1120;1130;1;1;5;720;2006;120000
20;RL;35133;Inside;Timber;1963;1572;1572;1;1;5;995;2007;186700
50;RL;9738;Inside;Edwards;1924;784;1221;1;1;7;392;2006;104900
190;RL;10615;Corner;OldTown;1900;978;1699;2;2;7;420;2009;95000
20;RL;12461;Corner;NoRidge;1994;1624;1624;2;1;5;757;2006;262000
60;RL;8935;Inside;CollgCr;2002;831;1660;2;1;7;493;2009;195000
60;RL;7500;Inside;Gilbert;1999;994;1804;2;1;7;442;2010;189000
190;RL;32463;Inside;Mitchel;1961;1249;1622;1;1;7;1356;2007;168000
160;FV;2645;Inside;Somerst;1999;776;1441;2;1;5;492;2007;174000
50;RM;9600;Inside;OldTown;1925;702;1472;1;1;6;250;2007;125000
120;RM;4500;FR2;Mitchel;1999;1224;1224;2;1;5;402;2009;165000
60;RL;9364;Corner;Sawyer;1969;663;1352;1;1;7;299;2010;158000
60;RL;8029;Inside;Gilbert;2005;728;1456;2;1;8;400;2008;176000
60;RL;14054;Inside;Gilbert;2006;879;1863;2;1;9;660;2006;219210
75;RM;8850;Corner;OldTown;1916;815;1690;1;1;7;225;2006;144000
20;RL;9100;Inside;CollgCr;2001;1212;1212;2;1;6;573;2009;178000
20;RL;11235;Inside;Sawyer;1963;1051;1382;1;1;6;459;2006;148000
20;RL;9353;Inside;NAmes;1970;864;864;1;1;5;280;2006;116050
60;RL;10400;Corner;CollgCr;1998;866;1779;2;1;6;546;2009;197900
50;RM;6000;Corner;BrkSide;1925;884;1348;1;1;5;216;2009;117000
20;RL;9750;Inside;CollgCr;2000;1630;1630;2;1;6;451;2009;213000
20;RL;10140;Inside;NWAmes;1975;1056;1074;1;1;6;495;2006;153500
20;RL;14684;CulDSac;SawyerW;1990;2158;2196;2;1;7;701;2009;271900
20;RH;8900;Inside;SawyerW;1966;1056;1056;1;1;5;384;2006;107000
20;RL;9135;Inside;CollgCr;2003;1682;1700;2;1;7;544;2006;200000
20;RL;7763;Inside;NAmes;1962;931;1283;1;1;6;506;2008;140000
20;RL;10182;CulDSac;Somerst;2006;1660;1660;2;1;8;500;2006;290000
60;RL;11218;Inside;SawyerW;1992;1055;1845;2;1;8;462;2010;189000
50;RL;12134;Inside;Gilbert;1988;559;1752;2;1;8;492;2010;164000
30;RL;9340;Inside;Edwards;1941;672;672;1;1;4;234;2009;113000
80;RL;10246;CulDSac;Sawyer;1965;648;960;0;1;3;364;2006;145000
85;RL;10205;Inside;NAmes;1962;925;999;1;1;6;300;2006;134500
20;RL;7094;Inside;Sawyer;1966;894;894;1;1;5;384;2007;125000
90;RM;8930;Inside;Sawyer;1978;0;1902;2;2;8;539;2010;112000
20;FV;8640;Inside;Somerst;2009;1300;1314;2;1;6;552;2009;229456
50;RM;6240;Inside;BrkSide;1947;0;912;1;1;3;0;2006;80500
160;RM;1680;Inside;BrDale;1971;672;1218;1;1;7;0;2006;91500
20;RL;7800;Inside;NAmes;1964;912;912;1;1;5;288;2006;115000
20;RL;8250;Inside;Sawyer;1968;952;1211;1;1;5;322;2008;134000
50;RL;10496;Inside;NAmes;1949;1040;1846;2;1;7;315;2007;143000
20;RL;10680;Inside;NAmes;1951;2136;2136;2;1;7;528;2006;137900
60;RL;15384;Inside;Gilbert;2004;788;1490;2;1;8;388;2008;184000
80;RL;10482;Inside;NAmes;1958;588;1138;1;1;6;264;2007;145000
60;RL;14598;CulDSac;Somerst;2007;894;1933;2;1;9;668;2008;214000
20;RL;8872;Corner;NAmes;1965;912;912;1;1;5;576;2008;147000
120;RL;8769;Corner;NridgHt;2008;1702;1702;1;1;7;1052;2008;367294
80;RL;7910;Inside;NAmes;1960;1075;1507;2;1;7;404;2008;127000
90;RL;18890;Inside;Sawyer;1977;1361;2620;2;2;12;600;2007;190000
90;RL;7728;Inside;NAmes;1962;1106;1190;1;1;6;540;2006;132500
90;RL;9842;FR2;NAmes;1962;0;1224;2;2;6;462;2007;101800
20;RL;12160;Inside;NAmes;1959;1188;1188;1;1;6;531;2010;142000
70;RH;8525;Inside;SWISU;1911;940;1964;1;1;7;0;2008;130000
70;RL;13132;Inside;Crawfor;1914;747;1784;1;1;9;180;2006;138887
160;RL;2628;Inside;NridgHt;2003;764;1626;2;1;6;474;2010;175500
60;RL;12393;FR2;CollgCr;2004;847;1948;2;1;8;434;2006;195000
20;RL;13072;Inside;SawyerW;2005;1141;1141;1;1;6;484;2006;142500
20;RL;9037;Inside;Timber;2006;1476;1484;2;1;6;472;2007;265900
60;RL;8158;Inside;CollgCr;2003;884;1768;2;1;8;543;2008;224900
20;RL;9849;Inside;Somerst;2007;1689;1689;2;1;7;954;2007;248328
85;RL;10625;Inside;NWAmes;1974;1053;1173;2;1;6;528;2010;170000
20;RL;13891;Inside;NridgHt;2006;2076;2076;2;1;7;850;2006;465000
70;RL;11435;Corner;Crawfor;1929;792;1517;1;1;7;400;2006;230000
80;RL;12090;Inside;NWAmes;1984;585;1868;3;1;7;477;2007;178000
60;FV;8125;Inside;Somerst;2005;756;1553;2;1;6;615;2006;186500
80;RL;12328;Inside;Mitchel;1976;1012;1034;1;1;6;888;2010;169900
75;RM;9600;Inside;OldTown;1917;735;2058;1;1;8;396;2008;129500
20;RL;7200;Inside;NAmes;1950;876;988;1;1;6;276;2007;119000
20;RL;11160;Corner;NAmes;1968;2110;2110;2;1;8;522;2010;244000
120;RL;3136;Corner;NridgHt;2003;1405;1405;2;1;6;478;2006;171750
20;RL;9858;Inside;Mitchel;1968;864;874;1;1;5;288;2009;130000
60;RL;17542;Inside;Veenker;1974;1192;2167;2;1;9;518;2007;294000
60;RL;6931;Inside;Edwards;2003;746;1656;2;1;7;397;2008;165400
50;RM;6240;Inside;BrkSide;1931;884;1367;1;1;6;560;2007;127500
20;RL;14303;Corner;NoRidge;1994;1986;1987;2;1;7;691;2008;301500
30;RL;4060;Corner;Edwards;1922;864;864;1;1;4;0;2009;99900
80;RL;9587;Inside;Gilbert;2005;856;1166;2;1;5;400;2008;190000
20;RL;9750;FR2;NAmes;1969;1054;1054;1;1;6;460;2008;151000
60;RL;24682;CulDSac;Gilbert;1999;841;1675;2;1;7;502;2009;181000
20;RL;9600;Inside;NAmes;1956;1050;1050;1;1;5;338;2009;128900
50;RL;11250;Inside;ClearCr;1957;1104;1788;1;1;8;304;2009;161500
70;RL;13515;Inside;BrkSide;1919;764;1824;1;1;8;520;2007;180500
120;RH;4060;Inside;NAmes;1998;1405;1337;2;1;5;511;2008;181000
160;FV;3735;FR3;Somerst;1999;691;1452;2;1;6;506;2006;183900
190;RM;10120;Inside;OldTown;1910;925;1889;1;2;9;308;2007;122000
20;RL;13214;Inside;Timber;2008;2002;2018;2;1;10;746;2010;378500
50;RL;14100;Inside;Crawfor;1935;728;3447;3;1;11;1014;2008;381000
50;RL;11344;Inside;NAmes;1958;874;1524;1;1;7;315;2007;144000
40;RL;23595;Inside;ClearCr;1979;1332;1524;0;1;4;586;2010;260000
20;RL;9156;Inside;NWAmes;1968;1489;1489;2;1;7;462;2009;185750
20;RL;13526;CulDSac;Sawyer;1965;935;935;1;1;5;288;2006;137000
80;RL;11512;Corner;Edwards;1959;1019;1357;1;1;5;312;2008;177000
50;RL;5362;Corner;Crawfor;1910;661;1250;2;1;8;552;2007;139000
90;RL;11345;Corner;NAmes;1948;928;1920;2;2;10;400;2007;137000
60;RL;12936;CulDSac;NWAmes;1972;723;1395;1;1;6;497;2009;162000
80;RL;17871;CulDSac;NWAmes;1967;1680;1724;1;1;7;480;2009;197900
60;RL;9473;Inside;CollgCr;2002;1128;2031;2;1;7;577;2008;237000
50;C (all);7500;Inside;IDOTRR;1920;698;1128;1;1;6;528;2010;68400
20;RL;9808;Inside;CollgCr;2002;1573;1573;2;1;6;544;2009;227000
20;RL;8049;CulDSac;Timber;1990;1309;1339;2;1;6;484;2006;180000
20;RL;8800;Inside;CollgCr;1977;1040;1040;2;1;5;484;2009;150500
90;RL;9400;Corner;Mitchel;1971;912;1824;2;2;8;0;2010;139000
50;RL;9638;Inside;SWISU;1919;804;2447;2;1;10;336;2010;169000
50;RM;6000;Inside;BrkSide;1939;780;1412;1;1;6;280;2009;132500
20;RL;9790;Inside;NWAmes;1963;1328;1328;1;1;6;528;2010;143000
20;RL;36500;Inside;ClearCr;1964;1624;1582;2;1;7;390;2006;190000
120;RL;5664;Inside;StoneBr;2000;1501;1659;2;1;5;499;2009;278000
60;RL;11065;Inside;NridgHt;2006;1085;1970;2;1;8;753;2006;281000
80;RL;14112;Corner;NAmes;1964;1152;1152;1;1;6;484;2010;180500
160;RM;1680;Inside;BrDale;1972;630;1302;2;1;6;264;2009;119500
70;RM;6600;Corner;OldTown;1892;994;2372;2;2;11;432;2009;107500
60;RL;10140;Inside;NWAmes;1976;832;1664;2;1;8;528;2006;162900
20;RL;8172;Inside;Edwards;1955;864;864;1;1;5;572;2006;115000
20;RL;8400;Inside;NAmes;1968;1052;1052;1;1;5;288;2006;138500
20;RL;8700;Inside;NAmes;1963;1120;1128;2;1;6;525;2008;155000
180;RM;3675;Inside;Edwards;2005;547;1072;2;1;5;525;2006;140000
60;RL;63887;Corner;Edwards;2008;6110;5642;2;1;12;1418;2008;160000
20;RL;7500;Inside;NAmes;1959;1246;1246;1;1;6;305;2010;154000
60;RL;10762;CulDSac;Gilbert;1999;978;1983;2;1;9;490;2009;225000
70;RL;7500;Inside;Crawfor;1942;771;1494;1;1;7;213;2009;177500
60;RL;10120;Inside;NoRidge;1994;1165;2526;2;1;8;844;2006;290000
20;RL;8688;Inside;Somerst;2005;1616;1616;2;1;7;834;2006;232000
160;RM;3363;Inside;Edwards;2004;976;1708;2;1;7;380;2006;130000
20;RL;13173;Corner;NridgHt;2006;1652;1652;2;1;6;840;2009;325000
120;RL;6955;Inside;NridgHt;2005;1368;1368;2;1;6;474;2006;202500
20;RL;8072;Inside;CollgCr;1994;990;990;1;1;5;480;2009;138000
20;RM;12000;Inside;OldTown;1948;924;1122;1;1;6;528;2008;147000
20;RL;7153;Inside;SawyerW;1991;1278;1294;2;1;6;496;2008;179200
20;RL;17500;Inside;Crawfor;1959;1902;1902;2;1;7;567;2010;335000
20;RL;8814;Inside;CollgCr;2005;1274;1274;2;1;6;508;2007;203000
60;RL;9572;Inside;NoRidge;1990;1453;2810;2;1;9;750;2007;302000
60;RL;14774;Corner;NoRidge;1999;1393;2599;2;1;10;779;2010;333168
20;RL;8190;Inside;Edwards;1954;948;948;1;1;5;280;2007;119000
60;RL;11075;Inside;NAmes;1969;952;2112;2;1;9;576;2008;206900
20;RL;10226;Inside;CollgCr;2008;1622;1630;2;1;8;860;2009;295493
120;FV;4230;Corner;Somerst;2006;1352;1352;2;1;5;466;2007;208900
20;RL;14781;CulDSac;CollgCr;2001;1753;1787;2;1;7;748;2006;275000
20;RL;10215;Inside;Edwards;1954;864;948;1;1;5;248;2007;111000
20;RL;8400;Inside;NAmes;1957;1478;1478;1;1;6;442;2009;156500
20;RL;6627;Corner;BrkSide;1949;0;720;1;1;4;287;2008;72500
60;RL;10186;Inside;NoRidge;1992;750;1923;2;1;8;564;2010;190000
30;RL;5330;Inside;BrkSide;1940;420;708;1;1;5;0;2009;82500
20;RL;9986;Inside;Somerst;2006;1795;1795;2;1;7;895;2007;147000
30;RM;3636;Inside;IDOTRR;1922;796;796;1;1;5;0;2008;55000
30;RH;4270;Inside;Edwards;1931;544;774;1;1;6;0;2007;79000
20;RL;6600;Inside;Mitchel;1982;816;816;1;1;5;264;2008;130500
50;RM;10440;Corner;OldTown;1920;1510;2792;2;1;8;520;2008;256000
60;RL;9084;Inside;Gilbert;1998;935;1632;2;1;8;462;2006;176500
20;RL;10000;Inside;Somerst;2006;1588;1588;2;1;7;825;2007;227000
80;RL;10780;Inside;CollgCr;1976;911;954;1;1;6;576;2006;132500
20;RL;8877;Inside;Edwards;1938;816;816;1;1;3;288;2009;100000
50;RM;7200;Corner;IDOTRR;1938;803;1360;1;1;6;297;2006;125500
160;RM;2368;Inside;BrDale;1970;765;1365;1;1;7;440;2009;125000
20;RL;9650;Inside;NWAmes;1977;1350;1334;2;1;6;630;2009;167900
90;RL;9246;Inside;NWAmes;1973;1656;1656;2;2;8;506;2008;135000
30;RM;4118;Corner;OldTown;1941;693;693;1;1;4;0;2006;52500
60;RL;13450;Corner;CollgCr;2002;916;1861;2;1;8;492;2006;200000
20;RL;9560;Corner;CollgCr;1972;864;864;1;1;5;288;2006;128500
20;RL;8294;Inside;NAmes;1971;858;872;1;1;5;480;2007;123000
20;RL;13695;Inside;SawyerW;2003;1114;1114;1;1;6;576;2008;155000
60;RL;9375;Inside;CollgCr;2002;1284;2169;2;1;7;647;2007;228500
50;RL;7558;Inside;Crawfor;1928;896;1913;1;1;9;342;2009;177000
60;RL;11103;Corner;CollgCr;2006;728;1456;2;1;8;440;2007;155835
30;RM;6000;Inside;OldTown;1920;960;960;1;1;5;308;2007;108500
20;RL;20781;CulDSac;NWAmes;1968;1568;2156;2;1;9;508;2006;262500
20;RL;15306;Corner;Timber;2006;1732;1776;2;1;7;712;2007;283463
20;RL;16196;Inside;SawyerW;1998;1482;1494;2;1;5;514;2007;215000
70;RM;5250;Inside;OldTown;1872;684;2358;2;1;8;0;2008;122000
90;RL;11643;Inside;NAmes;1969;1248;2634;2;2;12;968;2009;200000
60;RL;9247;Inside;NAmes;1962;858;1716;1;1;8;490;2008;171000
50;RM;6000;Inside;BrkSide;1937;698;1176;1;1;4;624;2009;134900
50;RL;14720;CulDSac;NoRidge;1995;2033;3238;2;1;9;666;2010;410000
60;RL;10316;Inside;CollgCr;2000;992;1865;2;1;7;839;2008;235000
80;RL;10192;Inside;NWAmes;1968;570;1920;3;1;8;487;2006;170000
20;RL;9477;Corner;NAmes;1966;864;892;1;1;5;264;2008;110000
20;RL;12537;CulDSac;NAmes;1971;1078;1078;1;1;6;500;2010;149900
160;FV;2117;Inside;Somerst;2000;756;1573;2;1;5;440;2010;177500
20;RL;16737;FR3;NridgHt;2004;1980;1980;2;1;8;770;2006;315000
70;RL;9842;Inside;SWISU;1921;612;2601;3;1;8;621;2008;189000
20;RL;16158;Inside;StoneBr;2005;1530;1530;2;1;7;430;2009;260000
50;RL;12513;FR2;NAmes;1920;715;1738;2;1;7;368;2009;104900
60;RL;8499;Inside;Gilbert;2006;616;1412;2;1;6;432;2007;156932
160;FV;3180;Inside;Somerst;2005;600;1200;2;1;4;480;2006;144152
60;FV;7500;Inside;Somerst;2000;814;1674;2;1;7;663;2010;216000
60;RL;9179;Inside;CollgCr;1999;873;1790;2;1;7;588;2008;193000
160;RM;2665;Inside;MeadowV;1977;757;1475;2;1;6;336;2006;127000
120;RM;4435;Inside;CollgCr;2003;848;848;1;1;4;420;2009;144000
20;RL;10635;FR2;CollgCr;2003;1657;1668;2;1;8;502;2010;232000
50;RL;5400;Corner;OldTown;1920;840;1374;1;1;6;338;2009;105000
80;RL;9600;Inside;NAmes;1955;992;1661;1;1;8;377;2008;165500
60;RL;9750;Corner;CollgCr;1998;1108;2097;2;1;8;583;2006;274300
20;RL;11400;Inside;NoRidge;2001;2633;2633;2;1;8;804;2007;466500
60;FV;10625;Inside;Somerst;2005;1026;1958;2;1;9;936;2008;250000
20;RL;10991;Inside;Timber;2007;1571;1571;2;1;7;722;2007;239000
30;RL;6292;Inside;SWISU;1930;768;790;1;1;4;160;2008;91000
50;RL;10998;Inside;Edwards;1941;984;1604;2;1;6;660;2009;117000
160;RM;1953;Inside;BrDale;1973;483;987;1;1;5;264;2006;83000
80;RL;9735;Inside;Timber;2006;384;1394;2;1;7;400;2008;167500
30;RL;8212;Inside;Edwards;1914;864;864;1;1;5;200;2010;58500
20;RL;12925;Corner;NAmes;1970;1205;2117;2;1;7;550;2008;237500
70;RM;7200;Corner;OldTown;1920;596;1762;1;1;8;576;2006;157000
30;RL;25339;Inside;Sawyer;1918;816;1416;2;1;7;576;2007;112000
50;RL;9060;Inside;Edwards;1939;560;1258;1;1;6;280;2009;105000
50;RM;5436;Inside;IDOTRR;1922;796;1154;1;1;7;240;2010;125500
60;RL;16692;Inside;NWAmes;1978;1392;2784;3;1;12;564;2006;250000
50;RM;8520;Inside;OldTown;1916;714;2526;2;1;10;216;2007;136000
20;RL;14892;CulDSac;Gilbert;2006;1746;1746;2;1;7;758;2009;377500
50;RM;6000;Inside;BrkSide;1941;735;1218;1;1;6;440;2007;131000
20;RL;9100;Inside;CollgCr;2000;1525;1525;2;1;6;541;2006;235000
90;RL;8944;Inside;NAmes;1967;1584;1584;2;2;8;792;2009;124000
85;RL;7838;Inside;NAmes;1967;864;900;1;1;6;288;2006;123000
190;RM;10800;Inside;OldTown;1905;482;1912;2;2;7;672;2008;163000
120;RL;4045;Inside;Blmngtn;2006;1356;1500;2;1;6;648;2006;246578
60;RL;12665;Inside;Timber;2005;1094;2482;2;1;9;642;2007;281213
20;RL;57200;Inside;Timber;1948;747;1687;1;1;7;572;2010;160000
70;RM;6120;Inside;BrkSide;1920;939;1513;1;1;8;180;2007;137500
50;RL;7200;Inside;NAmes;1950;1208;1904;1;1;7;240;2009;138000
50;RL;6171;Inside;SWISU;1925;976;1608;2;1;7;216;2009;137450
50;RM;6000;Corner;BrkSide;1929;862;1158;1;1;5;208;2008;120000
60;RL;7415;Inside;Gilbert;2004;839;1593;2;1;8;398;2008;193000
20;RL;6762;Inside;CollgCr;2006;1286;1294;2;1;6;662;2006;193879
20;RL;15256;CulDSac;Somerst;2007;1485;1464;2;1;6;754;2007;282922
50;RL;10410;Corner;OldTown;1915;672;1214;1;1;6;936;2006;105000
120;RM;3842;Inside;Crawfor;2004;1594;1646;2;1;5;482;2008;275000
85;RL;8445;Corner;CollgCr;1972;768;768;1;1;5;396;2009;133000
20;RL;8780;Corner;Mitchel;1985;833;833;1;1;5;0;2009;112000
70;RM;7740;Inside;OldTown;1910;622;1363;1;1;6;528;2010;125500
60;RL;20544;CulDSac;NWAmes;1986;791;2093;2;1;7;542;2008;215000
60;RL;12420;Inside;CollgCr;2001;944;1840;2;1;6;622;2009;230000
50;RL;9600;Inside;NAmes;1950;856;1668;1;1;6;271;2009;140000
90;RL;7200;Inside;NAmes;1949;0;1040;2;2;6;420;2009;90000
20;RL;10994;Corner;SawyerW;2005;1844;1844;2;1;7;620;2009;257000
50;RL;13053;Inside;BrkSide;1923;833;1848;1;1;8;370;2008;207000
120;RL;3635;Inside;Blmngtn;2007;1386;1569;2;1;7;660;2009;175900
190;RM;11340;Inside;OldTown;1885;777;2290;2;2;11;560;2010;122500
60;RL;16545;Inside;NoRidge;1998;1284;2450;2;1;7;1069;2009;340000
20;RL;9204;Inside;NAmes;1963;1144;1144;1;1;6;336;2008;124000
20;RL;16381;Inside;Crawfor;1969;1844;1844;2;1;7;540;2006;223000
60;RL;11700;Corner;NWAmes;1968;708;1416;2;1;7;776;2006;179900
120;RL;4043;Inside;NPkVill;1977;1069;1069;2;1;4;440;2010;127500
120;RM;4435;Inside;CollgCr;2003;848;848;1;1;3;420;2008;136500
80;RL;19690;CulDSac;Edwards;1966;697;2201;2;1;8;432;2006;274970
20;RL;9503;Inside;NAmes;1958;1024;1344;1;1;6;484;2007;144000
20;RL;10721;Inside;NAmes;1959;1252;1252;1;1;7;528;2008;142000
60;RL;10944;Inside;NoRidge;1994;1223;2127;2;1;5;525;2008;271000
50;RL;10930;Inside;NAmes;1945;913;1558;1;1;6;288;2008;140000
30;RM;7200;Corner;OldTown;1940;788;804;1;1;4;240;2010;119000
20;RL;12546;Corner;NWAmes;1981;1440;1440;2;1;7;467;2007;182900
60;RL;21930;Inside;Gilbert;2005;732;1838;2;1;7;372;2006;192140
120;RL;4928;Inside;NPkVill;1976;958;958;2;1;5;440;2009;143750
30;RL;10800;Inside;OldTown;1927;656;968;2;1;5;216;2007;64500
60;RL;10261;Inside;Gilbert;2000;936;1792;2;1;8;451;2008;186500
20;RL;17400;Inside;Mitchel;1977;1126;1126;2;1;5;484;2006;160000
20;RL;8400;Inside;NAmes;1962;1319;1537;1;1;7;462;2008;174000
20;RL;9000;FR2;NAmes;1971;864;864;1;1;5;528;2007;120500
20;RL;12444;FR2;NridgHt;2008;1932;1932;2;1;7;774;2008;394617
20;RM;7407;Inside;OldTown;1957;912;1236;1;1;6;923;2010;149700
60;RL;11584;Inside;NWAmes;1979;539;1725;2;1;6;550;2007;197000
70;RL;11526;Inside;Crawfor;1922;588;2555;2;1;11;672;2008;191000
120;RM;4426;Inside;CollgCr;2004;848;848;1;1;3;420;2008;149300
60;FV;11003;Inside;Somerst;2008;1017;2007;2;1;10;812;2009;310000
30;RL;8854;Inside;BrkSide;1916;952;952;1;1;4;192;2009;121000
20;RL;8500;FR2;CollgCr;2004;1422;1422;2;1;7;626;2007;179600
85;RL;8400;Inside;Sawyer;1966;814;913;1;1;6;240;2007;129000
20;RL;26142;CulDSac;Mitchel;1962;1188;1188;1;1;6;312;2010;157900
60;RL;10000;Inside;CollgCr;1995;1220;2090;2;1;8;556;2007;240000
50;RL;11767;Inside;Edwards;1910;560;1346;1;1;6;384;2007;112000
180;RM;1533;Inside;MeadowV;1970;630;630;1;1;3;0;2006;92000
90;RL;9000;FR2;NAmes;1974;896;1792;2;2;8;0;2009;136000
20;RL;9262;Inside;Somerst;2008;1573;1578;2;1;7;840;2009;287090
180;RM;3675;Inside;Edwards;2005;547;1072;1;1;5;525;2006;145000
20;RL;17217;Inside;Mitchel;2006;1140;1140;1;1;6;0;2006;84500
20;FV;7500;Inside;Somerst;2004;1221;1221;2;1;6;400;2009;185000
60;RL;7917;Inside;Gilbert;1999;953;1647;2;1;7;460;2007;175000
20;RL;13175;Inside;NWAmes;1978;1542;2073;2;1;7;500;2010;210000
70;RL;9042;Inside;Crawfor;1941;1152;2340;2;1;9;252;2010;266500
20;RL;9717;Inside;NAmes;1950;1078;1078;1;1;5;240;2010;142125
20;RL;9937;Inside;Edwards;1965;1256;1256;1;1;6;276;2008;147500
